,Compound Score,Negative Score,Neutral Score,Positive Score,Source,Text,Tweets Ago
0,0.0,0.0,1.0,0.0,BBC News (UK),Cuba to recognise private property under new constitution https://t.co/1ZJw2dPa6y,1
1,0.0,0.0,1.0,0.0,BBC News (UK),Heatwave causes spike in insect bite calls to NHS https://t.co/OvulqhHuIL,2
2,0.0,0.0,1.0,0.0,BBC News (UK),'Why I keep my vasectomy a secret' https://t.co/mEeTWg9TVk,3
3,-0.3182,0.247,0.753,0.0,BBC News (UK),Haiti Prime Minister Jack Guy Lafontant resigns https://t.co/RViI5ZJw0T,4
4,-0.0516,0.146,0.854,0.0,BBC News (UK),Trump to leave UK after two-night stay https://t.co/waIcugVFDy,5
5,0.0,0.0,1.0,0.0,BBC News (UK),Govia Thameslink Railway introduces third timetable in two months https://t.co/tbn398cRpu,6
6,-0.3818,0.31,0.69,0.0,BBC News (UK),Newspaper headlines: PM warns 'there may be no Brexit' https://t.co/lQ0MfNZJ77,7
7,0.0516,0.23,0.592,0.178,BBC News (UK),PM Theresa May warns party not to put Brexit at risk https://t.co/UBOINvUImO,8
8,0.0,0.0,1.0,0.0,BBC News (UK),World Cup final 2018: France v Croatia - your guide to Sunday's match https://t.co/AXppFru9G9,9
9,0.0,0.0,1.0,0.0,BBC News (UK),Eden Hazard: Chelsea forward says it 'might be time for something different' https://t.co/rXJy7qqUcW,10
10,-0.3182,0.223,0.777,0.0,BBC News (UK),Minister Andrew Griffiths resigns over texts to women https://t.co/lGGK9j5qXi,11
11,-0.6597,0.375,0.625,0.0,BBC News (UK),Wave of Israeli Gaza strikes amid surge in rocket attacks https://t.co/4W5ZEaRWto,12
12,-0.34,0.286,0.714,0.0,BBC News (UK),Large grass fire tackled near Heathrow https://t.co/h1XFyc1Gdf,13
13,0.3818,0.0,0.794,0.206,BBC News (UK),England v India: Joe Root's ton helps hosts level ODI series https://t.co/VhoxO0OMbK,14
14,0.0,0.0,1.0,0.0,BBC News (UK),"RT @BBCWorld: Mon dieu! ü§¶‚Äç‚ôÄÔ∏è

#BastilleDay went off with a bang - for these police motorcyclists

https://t.co/jh88YrDQA4 #14juillet https:‚Ä¶",15
15,0.5267,0.0,0.702,0.298,BBC News (UK),Autistic boy's mum praises 'lovely' school prom classmates https://t.co/KkrBN5beHd,16
16,0.5859,0.0,0.703,0.297,BBC News (UK),Is Russia the real winner of World Cup 2018? https://t.co/Gzn3gkKL1r,17
17,0.5859,0.0,0.725,0.275,BBC News (UK),Wimbledon 2018: Angeligue Kerber beats Serena Williams to win title https://t.co/AiqRmK0qjJ,18
18,0.658,0.0,0.834,0.166,BBC News (UK),"RT @5liveSport: History for Angelique Kerber! üëè

The German beats Serena Williams 6-3, 6-3 to win her first ever #Wimbledon singles title!‚Ä¶",19
19,-0.6908,0.299,0.701,0.0,BBC News (UK),Reality Check: is London's murder rate still higher than New York's? https://t.co/EDqS4bkt1m,20
20,0.0,0.0,1.0,0.0,BBC News (UK),British teenager dies in Magaluf balcony fall https://t.co/YeZ1wD1jWr,21
21,0.0,0.0,1.0,0.0,BBC News (UK),Dog poo in Clevedon's Marine Lake causes ear infections https://t.co/UlMulVTx3y,22
22,-0.4588,0.25,0.75,0.0,BBC News (UK),World Cup 2018: England finish fourth after Belgium defeat https://t.co/cjulTH4qCh,23
23,-0.0516,0.054,0.946,0.0,BBC News (UK),"RT @BBCSport: FT Belgium 2-0 England

England leave Russia with their heads held high and their joint-best #worldcup finish since '66.

Bel‚Ä¶",24
24,0.0,0.0,1.0,0.0,BBC News (UK),"RT @BBCSport: GOAL

That might just settle it.

Eden Hazard races past Phil Jones and makes it Belgium 2-0 England

Live üëâ https://t.co/zMI‚Ä¶",25
25,0.0,0.0,1.0,0.0,BBC News (UK),"RT @bbctennis: A royal standing ovation.

But who will be crowned the queen of Wimbledon 2018?

#bbctennis #wimbledon https://t.co/Z5an2Giy‚Ä¶",26
26,0.0,0.0,1.0,0.0,BBC News (UK),"RT @5liveSport: Two changes for #ENG as we get back under way in Saint Petersburg 

Lingard üîÑ Rose

Rashford üîÑ  Sterling

They trail #BEL b‚Ä¶",27
27,0.0,0.0,1.0,0.0,BBC News (UK),100 Women: 'I was a World Cup honey shot' https://t.co/xPKeWpZkVp,28
28,0.0,0.0,1.0,0.0,BBC News (UK),"I subscribe, therefore I am? https://t.co/ydo4UoqmMi",29
29,0.0,0.0,1.0,0.0,BBC News (UK),"RT @BBCSport: HT Belgium 1-0 England

Roberto Martinez's #BEL lead through Thomas Meunier - and you have to say they deserve it.
üëâ https://‚Ä¶",30
30,0.0,0.0,1.0,0.0,BBC News (UK),"RT @5liveSport: It's all over!

After over 5hrs 16mins (and an overnight break) on court, Novak Djokovic will face Kevin Anderson in Sunday‚Ä¶",31
31,0.5859,0.0,0.703,0.297,BBC News (UK),X Factor winner Louisa Johnson splits from Simon Cowell‚Äôs label https://t.co/T8GeHm0TSG,32
32,0.5859,0.0,0.743,0.257,BBC News (UK),Wimbledon 2018: Gordon Reid &amp; Alfie Hewett win wheelchair doubles title https://t.co/DAX3I3tXX4,33
33,0.8316,0.0,0.476,0.524,BBC News (UK),"An impressive delivery... thank goodness he didn't get dismissed
 üíçüèè https://t.co/RyX96Qm1ws",34
34,-0.6808,0.483,0.517,0.0,BBC News (UK),World Cup Final blamed Sunday rail disruption https://t.co/AxH3MqsXNn,35
35,-0.5983,0.205,0.795,0.0,BBC News (UK),"RT @BBCSport: GOAL!

Three-and-a-half minutes on the clock.

Nacer Chadli crosses to Thomas Meunier, who makes no mistake.

Belgium 1-0 Eng‚Ä¶",36
36,0.8999,0.0,0.625,0.375,BBC News (UK),"RT @BBCSport: Here we go!

A chance for England to take home the bronze medal and secure their best #worldcup finish since 1966.

Under way‚Ä¶",37
37,-0.0772,0.223,0.576,0.201,BBC News (UK),Saudi Arabia woman 'arrested for hugging' singer Majid al-Mohandis https://t.co/UR1gaYgXRx,38
38,-0.3182,0.342,0.47,0.188,BBC News (UK),France restricts access to Mont Blanc amid safety fears https://t.co/nCHi4iIfOn,39
39,-0.4588,0.167,0.75,0.083,BBC News (UK),RT @Frankie_Mack: #BREAKING President Donald Trump waving a protestors who are calling him racist as he plays golf at #Turnberry @realDonal‚Ä¶,40
40,-0.25,0.167,0.833,0.0,BBC News (UK),"Trump tees off at Turnberry as thousands protest

https://t.co/CY1qQ6OjVO #TrumpVisitUK https://t.co/cJdCUAUMkk",41
41,0.0,0.0,1.0,0.0,BBC News (UK),"RT @Tara_Mckelvey: I‚Äôm traveling with Trump, and I saw only a few protestors in London. That night in Glasgow, a colleague showed me a stun‚Ä¶",42
42,0.4215,0.121,0.645,0.234,BBC News (UK),RT @BBCSport: Britain's Gordon Reid and Alfie Hewett won a third successive #Wimbledon wheelchair doubles title by beating Germany's Joachi‚Ä¶,43
43,0.0,0.0,1.0,0.0,BBC News (UK),RT @BBCRosAtkins: A close encounter. President Trump just passed me on the first hole here at Turnberry. https://t.co/UwAKYVsWa3,44
44,0.5411,0.0,0.873,0.127,BBC News (UK),"RT @bbctennis: Meghan Markle has arrived!

The crowd shouted her name as she made her way to Centre Court. She waved üëã

üíªüì± https://t.co/Xg5‚Ä¶",45
45,0.6467,0.0,0.854,0.146,BBC News (UK),"RT @BBCSport: They've done it! üôå

Alfie Hewett and Gordon Reid have won the #Wimbledon wheelchair doubles title for the third time! üëè

LIVE‚Ä¶",46
46,-0.5859,0.22,0.78,0.0,BBC News (UK),"RT @BBCScotlandNews: Liam Fox says that protesters against Donald Trump's visit to Britain were ""an embarrassment to themselves""  https://t‚Ä¶",47
47,0.0,0.0,1.0,0.0,BBC News (UK),"There she goes! üåäüö¢

The RRS Sir David Attenborough - the UK's polar ship known to some as Boaty McBoatface - is lau‚Ä¶ https://t.co/DMpp054UlM",48
48,-0.7845,0.568,0.432,0.0,BBC News (UK),Dozens hurt as Ryanair flight loses cabin pressure https://t.co/4nlRXAvWBq,49
49,0.0,0.0,1.0,0.0,BBC News (UK),Jorginho: Napoli midfielder joins Chelsea on five-year deal https://t.co/oxmrrOlbdT,50
50,0.0,0.0,1.0,0.0,BBC News (UK),Nazanin Zaghari-Ratcliffe: Boris Johnson exit 'a setback' https://t.co/bXNsHTd4Zc,51
51,0.0,0.0,1.0,0.0,BBC News (UK),In pictures: France marks Bastille Day with spectacular parade https://t.co/GMxgaRjNNS,52
52,-0.5719,0.291,0.709,0.0,BBC News (UK),Gerry Adams calls on home attackers to meet him https://t.co/UVzLBDhfQy,53
53,-0.6908,0.388,0.612,0.0,BBC News (UK),"Camberwell stabbing: Man, 21, charged with death of girl, 17 https://t.co/6NRuFimswB",54
54,0.296,0.0,0.784,0.216,BBC News (UK),Everyone makes same joke after longest Wimbledon semi-final https://t.co/6Zw4DySaP9,55
55,0.0,0.0,1.0,0.0,BBC News (UK),"RT @BBCWorld: Bonne #F√™teNationale!

France marks #BastilleDay with parades in Paris üá´üá∑ #14juillet https://t.co/teJKH5dXo8",56
56,0.0,0.0,1.0,0.0,BBC News (UK),Classic Aston Martin sells for record ¬£10m at auction https://t.co/IbiKJ07TEh,57
57,0.0,0.0,1.0,0.0,BBC News (UK),British Fencing: Crowdfunding appeal for Tokyo 2020 raises just ¬£170 in first month https://t.co/LQWbRLEn0O,58
58,-0.0772,0.292,0.449,0.258,BBC News (UK),Huge iceberg threatens Greenland village https://t.co/ikF4WvOMak,59
59,-0.4019,0.231,0.769,0.0,BBC News (UK),Toddler dies after van crash on parkland in Birmingham https://t.co/d1gXzwDQls,60
60,0.128,0.085,0.807,0.108,BBC News (UK),"RT @BBCScotlandNews: Donald Trump to play golf at Turnberry as protests against his visit to the UK continue
https://t.co/mecSpIthaM https:‚Ä¶",61
61,0.0,0.0,1.0,0.0,BBC News (UK),"RT @BBCSport: Former Napoli boss Maurizio Sarri has been appointed as Chelsea's new manager on a three-year contract.

üëâ https://t.co/qNZbg‚Ä¶",62
62,0.0,0.0,1.0,0.0,BBC News (UK),"Nancy Sinatra Senior, Frank's first wife, dies aged 101 https://t.co/zUjd1AA9CB",63
63,0.4215,0.0,0.851,0.149,BBC News (UK),"RT @BBCWorld: Saved by their smell üëÉ

How #ThaiCaveRescue divers sniffed out the Wild Boars  

https://t.co/rYEl75IIIK https://t.co/9XTbT6t‚Ä¶",64
64,0.6369,0.0,0.756,0.244,BBC News (UK),"RT @BBCMOTD: Today, England chase their best #WorldCup finish since 1966 üè¥Û†ÅßÛ†Å¢Û†Å•Û†ÅÆÛ†ÅßÛ†Åø

#BELENG https://t.co/SjIYzfDTCt",65
65,0.0,0.0,1.0,0.0,BBC News (UK),The eye doctor who could not see the stars https://t.co/5FSSse2hyO,66
66,0.0,0.0,1.0,0.0,BBC News (UK),Serena Williams: Wimbledon finalist at 36 and a mum - how has she done it? https://t.co/BDiQkO6nFC,67
67,0.0,0.0,1.0,0.0,BBC News (UK),Sir David Attenborough polar ship set for launch https://t.co/zvFNvJfZ4B,68
68,0.0,0.0,1.0,0.0,BBC News (UK),Eritrea's Isaias Afwerki in historic Ethiopia visit https://t.co/GLhBCNO7oW,69
69,0.0,0.0,1.0,0.0,BBC News (UK),US lawmaker caught speeding tells cop he often does so https://t.co/s4MM16SpMk,70
70,0.8555,0.0,0.488,0.512,BBC News (UK),"Horse sense: Happiest equines love to snort, says study https://t.co/MItTJzSqeh",71
71,0.0,0.0,1.0,0.0,BBC News (UK),Video games and mental health: 'Nobody's properly talking' https://t.co/p15DmyRk2y,72
72,0.128,0.154,0.65,0.195,BBC News (UK),Trump to play golf at Turnberry as protests continue https://t.co/SWHKeIaIlD,73
73,0.0,0.0,1.0,0.0,BBC News (UK),White House: Trump-Putin summit 'is on' after hacking indictment https://t.co/cTbUBxUvih,74
74,0.0,0.0,1.0,0.0,BBC News (UK),Wittenoom: Tourists urged to stay away from asbestos town https://t.co/94vDN6A1Ez,75
75,0.0,0.0,1.0,0.0,BBC News (UK),British POWs sank with the Lisbon Maru - should it be raised? https://t.co/Iwt2EZDL3a,76
76,0.5106,0.0,0.708,0.292,BBC News (UK),The full story of Thailand‚Äôs extraordinary cave rescue https://t.co/AuBOdKBcmq,77
77,0.0,0.0,1.0,0.0,BBC News (UK),'Explosive' thrown at Gerry Adams' house https://t.co/6udne6T9iP,78
78,-0.2263,0.241,0.759,0.0,BBC News (UK),Trump arrives in Scotland amid protests https://t.co/zgdfZFrrCI,79
79,-0.4767,0.279,0.721,0.0,BBC News (UK),Newspaper headlines: Trump's 'fake schmooze' over trade deal https://t.co/1fMHozh4ER,80
80,0.0,0.0,1.0,0.0,BBC News (UK),Scarlett Johansson quits trans role after LGBT backlash https://t.co/c5mYtHsEUa,81
81,-0.8824,0.507,0.493,0.0,BBC News (UK),Pakistan election: More than 100 die in bomb attacks on poll rallies https://t.co/uqurwHAuU5,82
82,0.0,0.0,1.0,0.0,BBC News (UK),Trump May meeting: The Wacky Races of press conferences https://t.co/huy3vkpiZU,83
83,0.0,0.0,1.0,0.0,BBC News (UK),Wimbledon 2018: Kevin Anderson beats John Isner in record-breaking semi-final https://t.co/g5YRslPVPd,84
84,-0.5106,0.18,0.82,0.0,BBC News (UK),RT @BBCJonSopel: Meet Dick Dastardly and Penelope Pitstop. My blog on another extraordinary day. #TrumpVisitUK  https://t.co/M80Ot4wbPA,85
85,-0.743,0.508,0.324,0.168,BBC News (UK),"Grenfell Tower fire: Two jailed for ¬£125,000 relief fraud https://t.co/FNxyk74GnX",86
86,0.3182,0.0,0.892,0.108,BBC News (UK),"Jeremy Corbyn says it's not Trump's business who's the British PM, after the US president's endorsement of Boris Jo‚Ä¶ https://t.co/iqv0TQH6Ej",87
87,0.4576,0.0,0.75,0.25,BBC News (UK),John Surtees' 'very special' 1957 BMW sells for ¬£4m https://t.co/J5w7ShQKbE,88
88,0.0,0.0,1.0,0.0,BBC News (UK),"RT @BBCLookNorth: There's a large rally against Donald Trump taking place in Sheffield. 

Read more: https://t.co/32ZcFAKT5d https://t.co/c‚Ä¶",89
89,0.0,0.0,1.0,0.0,BBC News (UK),"RT @BBCSport: All of England's 2018 #worldcup magic moments
https://t.co/69x5UKi0Oz  #bbcworldcupmoments",90
90,0.0,0.0,1.0,0.0,BBC News (UK),"RT @bbctennis: FIVE hours!

Isner &amp; Anderson are leaving it all out there on Centre Court.

üì∫ @BBCTwo 
üìª @5liveSport
üíªüì± https://t.co/ldFFv9‚Ä¶",91
91,0.0,0.0,1.0,0.0,BBC News (UK),ü¶Åü¶Åü¶Å https://t.co/uXbMUa477s,92
92,0.0,0.0,1.0,0.0,BBC News (UK),Russians indicted over US election hack https://t.co/bLMBcltdNE,93
93,0.6114,0.0,0.834,0.166,BBC News (UK),"RT @bbctennis: Gordon Reid and Alfie Hewett are Wimbledon finalists once again!

The British pair have won their men's wheelchair semi-fina‚Ä¶",94
94,0.0,0.0,1.0,0.0,BBC News (UK),US President Donald Trump flies away from Windsor Castle in Marine One after meeting the Queen. He's due to fly to‚Ä¶ https://t.co/6pKWSzhp51,95
95,-0.0516,0.074,0.926,0.0,BBC News (UK),US President Donald Trump and his wife Melania leave Windsor Castle after meeting the Queen‚Ä¶ https://t.co/OCP6ooK7yu,96
96,0.0,0.0,1.0,0.0,BBC News (UK),RT @BBCNewsGraphics: The Queen has seen plenty of world leaders come and go - Donald Trump is the 13th US President during her reign https:‚Ä¶,97
97,0.0,0.0,1.0,0.0,BBC News (UK),#PlaneBae: A cautionary tale about privacy when a story goes viral https://t.co/mYMdEYjf5J,98
98,0.0,0.0,1.0,0.0,BBC News (UK),Three Lions breaks chart record https://t.co/c0En0n4Wsw,99
99,-0.7906,0.269,0.731,0.0,BBC News (UK),RT @BBCBreaking: Former PM Nawaz Sharif arrested on return to Pakistan as elsewhere scores die in blasts targeting election rallies https:/‚Ä¶,100
100,-0.2263,0.18,0.688,0.132,CBS News,"Father of youngest Thai cave survivor describes how boys became trapped, coach's response https://t.co/h3NRZLpnPD https://t.co/cYouaI38fC",1
101,0.0,0.0,1.0,0.0,CBS News,Ticks that carry Lyme disease are spreading fast https://t.co/eBjBj7yQG6 https://t.co/VkVCm9aqSL,2
102,-0.4019,0.197,0.803,0.0,CBS News,"Papa John's dumped by sports teams, schools over Schnatter comments https://t.co/2Of9haH1Kx https://t.co/hGVDdqVEKf",3
103,-0.8402,0.391,0.609,0.0,CBS News,Man seen on video berating woman over Puerto Rico shirt charged with felony hate crimes https://t.co/NRrAgsQhkO https://t.co/DDdElf0gvV,4
104,0.0,0.0,1.0,0.0,CBS News,"Roger Stone says he's ""probably"" the unnamed person in Russian hacking indictment https://t.co/JKGYAWha0b https://t.co/55OxBZCE24",5
105,-0.8402,0.5,0.5,0.0,CBS News,Second-generation firefighter killed battling Ferguson fire near Yosemite National Park https://t.co/OrdC0odE93 https://t.co/3rhKJVGSNR,6
106,-0.6486,0.235,0.765,0.0,CBS News,"Baby dead after being left in hot car in south Florida, police say https://t.co/ZeXwKgHK9Z https://t.co/bKb2KPsJXQ",7
107,-0.6486,0.281,0.719,0.0,CBS News,"Nancy Sinatra Sr., Frank Sinatra's first wife, dead at 101 https://t.co/p5PC5MjRB4 https://t.co/eTPdrHJdei",8
108,-0.1027,0.113,0.887,0.0,CBS News,"Hyundai union warns Trump tariffs could cost 20,000 U.S. jobs https://t.co/zyOnS8QEDa https://t.co/glK6VcJXoD",9
109,-0.4404,0.229,0.634,0.137,CBS News,"Man rescued from Mount Hood after climbing it to kill himself, authorities say https://t.co/BQZ3ORw2sD https://t.co/uoJKQYVGCq",10
110,0.0,0.0,1.0,0.0,CBS News,Walmart patents audio surveillance technology to record customers and employees https://t.co/YgOnc7OH8A https://t.co/vBPuE9NhlO,11
111,-0.3182,0.187,0.813,0.0,CBS News,World Cup 2018: Belgium defeats England for third place https://t.co/4Royze9eXC https://t.co/5d10BPxMlE,12
112,0.0,0.0,1.0,0.0,CBS News,Maryland was told its voter registration vendor was financed by a Russian oligarch https://t.co/GXiZjrU0Xa https://t.co/AXRWT885p2,13
113,0.5859,0.0,0.703,0.297,CBS News,Angelique Kerber beats Serena Williams to win Wimbledon https://t.co/pF5K7ZEO7b https://t.co/lAguseYhNG,14
114,0.0,0.0,1.0,0.0,CBS News,"Inside the Trump administration's plan to reunite 2,500 immigrant children with their families‚Ä¶ https://t.co/3NhLGVDu9I",15
115,-0.5106,0.202,0.798,0.0,CBS News,Report: Vice President Pence family's failed gas stations cost taxpayers $20 million https://t.co/YkW1AkzwyC https://t.co/8JDHtXkO7I,16
116,0.0,0.0,1.0,0.0,CBS News,"""We know that elections are always a big juicy target"":  The attempts to crack down on foreign cyber invaders‚Ä¶ https://t.co/4MxoMZigmv",17
117,-0.4939,0.211,0.789,0.0,CBS News,President Trump responds to Russian hacking indictment by blaming Obama administration https://t.co/H2orCnWFW6 https://t.co/6xtP9C8iqP,18
118,-0.5859,0.27,0.73,0.0,CBS News,Black teen speaks out after woman is charged with attacking him at pool https://t.co/kLevJsJpBL https://t.co/y1A3e4Vici,19
119,-0.8271,0.461,0.539,0.0,CBS News,Israel launches widest Gaza daytime assault since 2014 war https://t.co/JbGn284UzC https://t.co/KimLXMVtJz,20
120,0.0,0.0,1.0,0.0,CBS News,British police: Investigators found more than 400 items in Novichok case https://t.co/XwNUSxhCSg https://t.co/3cvYJgz94J,21
121,0.0,0.0,1.0,0.0,CBS News,Will 2019 be the year of the flying car? https://t.co/ssgSvNSVHP https://t.co/baAA0P2PO4,22
122,-0.7783,0.328,0.672,0.0,CBS News,A mass grave with nearly 100 bodies suspected to be black prisoners has been unearthed in Texas during construction‚Ä¶ https://t.co/gIQBsyMPpk,23
123,-0.25,0.105,0.895,0.0,CBS News,"The ""Baby Trump"" blimp flew over Edinburgh and demonstrators staged a protest picnic outside of President Trump's S‚Ä¶ https://t.co/8K1pmFaXvR",24
124,0.6124,0.135,0.521,0.344,CBS News,Angelique Kerber won her first Wimbledon championship after defeating Serena Williams https://t.co/POg58meXbC https://t.co/j14aaoTJkl,25
125,-0.872,0.319,0.681,0.0,CBS News,"""The biggest tragedy we've had"": A jaguar escaped from its habitat and killed six animals at the Audubon Zoo in New‚Ä¶ https://t.co/5XP8PAp3Vl",26
126,0.0,0.0,1.0,0.0,CBS News,WATCH: iPhone records 450-foot drop‚Äî and survives https://t.co/aYIcGo5zvO https://t.co/cXj75nXHCs,27
127,0.0,0.0,1.0,0.0,CBS News,"RT @CBSEveningNews: @jeffglor @FaceTheNation After the president returns from Europe, he will sit down with @jeffglor for a follow-up inter‚Ä¶",28
128,0.0,0.0,1.0,0.0,CBS News,NEW: @jeffglor interviews President Trump in Scotland ahead of Monday‚Äôs summit with Russian President Vladimir Puti‚Ä¶ https://t.co/iMWEy425WE,29
129,0.0,0.0,1.0,0.0,CBS News,RT @CBSEveningNews: NEW: @jeffglor interviews President Trump in Scotland ahead of Monday‚Äôs summit with Russian President Vladimir Putin; w‚Ä¶,30
130,0.4939,0.0,0.849,0.151,CBS News,"Secretary of State Mike Pompeo: ""I am confident that President Trump's meeting with Vladimir Putin will put America‚Ä¶ https://t.co/LotkrKi788",31
131,-0.5994,0.178,0.822,0.0,CBS News,The Israeli military carried out its largest daytime airstrike campaign in Gaza since the 2014 war on Saturdayhttps‚Ä¶ https://t.co/xONp2ZYaoE,32
132,0.34,0.067,0.804,0.129,CBS News,About 100 supporters of President Trump protested outside of the U.S. Embassy in London on Saturday. Two people --‚Ä¶ https://t.co/TGiSGDWv2S,33
133,-0.5574,0.175,0.825,0.0,CBS News,A Martha's Vineyard bus driver has been fired for telling a man he wasn't picked up because he's black‚Ä¶ https://t.co/001kPmquQi,34
134,0.0,0.0,1.0,0.0,CBS News,"Mexico is pushing the U.S. to quickly reunite separated migrant families and prioritize ""the well-being and rights‚Ä¶ https://t.co/sgbMdSWnOc",35
135,0.0,0.0,1.0,0.0,CBS News,The rise of delivery is changing every aspect of the restaurant business. See what's on the menu for the future‚Ä¶ https://t.co/Tf8mhQ1zqR,36
136,-0.5859,0.27,0.73,0.0,CBS News,LIVE UPDATES: Protests in Scotland and arrests in London follow President Trump's visits https://t.co/cWJfkFoH2s https://t.co/UWMRWS2lEr,37
137,0.0,0.0,1.0,0.0,CBS News,"The ""Trump Baby"" balloon was transported overnight from London to Edinburgh, Scotland, where thousands are protesti‚Ä¶ https://t.co/S7CCcyDCuw",38
138,0.0,0.0,1.0,0.0,CBS News,"From Eisenhower to Trump, take a look at Queen Elizabeth's most memorable moments with U.S. presidents‚Ä¶ https://t.co/3HKo2UexrS",39
139,0.0,0.0,1.0,0.0,CBS News,Trump and Putin are expected to talk about the nuclear arms race between their nations during their summit in Helsi‚Ä¶ https://t.co/FTREeBvZ4a,40
140,0.0,0.0,1.0,0.0,CBS News,DOUBLE DUCHESS: Meghan Markle and Kate Middleton watched the Serena Williams-Angelique Kerber Wimbledon match‚Ä¶ https://t.co/WZmMs6GNaq,41
141,0.0,0.0,1.0,0.0,CBS News,WATCH: A paragliding protester breached a no-fly zone to send a message over President Trump's Scotland golf course‚Ä¶ https://t.co/mwYYfApx6m,42
142,0.0,0.0,1.0,0.0,CBS News,"RT @CBSSunday: SUNDAY FUNDAY 

@JimAxelrod meets with the @MenInBlazers ‚Äì soccer aficionados Michael Davies &amp; Roger Bennett ‚Äì who talk abou‚Ä¶",43
143,0.4215,0.0,0.872,0.128,CBS News,The boys rescued from a Thai cave have recorded a series of video messages from their hospital beds. Here‚Äôs what th‚Ä¶ https://t.co/cK8wRim3wU,44
144,0.4588,0.0,0.812,0.188,CBS News,Got $750 for a night in a tent? Welcome to luxurious world of glamping https://t.co/NDudAWvU7L https://t.co/iIziqDlJHj,45
145,-0.4939,0.211,0.789,0.0,CBS News,President Trump responds to Russian hacking indictment by blaming Obama administration https://t.co/rop8K6VSx4 https://t.co/7jn7vMcEM3,46
146,0.0,0.0,1.0,0.0,CBS News,"Roger Stone says he's ""probably"" the unnamed person in Russian hacking indictment https://t.co/S0vFbA4MfB https://t.co/c9EupDVQxo",47
147,-0.5859,0.211,0.789,0.0,CBS News,"""It was shocking"": Black teen speaks out after woman, dubbed ""Pool Patrol Paula,"" is charged with attacking him at‚Ä¶ https://t.co/GPPUuA8oNZ",48
148,0.4767,0.0,0.806,0.194,CBS News,The top state election officials from throughout the U.S. are gathering this weekend in Philadelphia amid fresh rev‚Ä¶ https://t.co/xHKzS949ZO,49
149,0.0,0.0,1.0,0.0,CBS News,Police are searching for a paraglider who flew over the resort where President Trump is staying in Scotland‚Ä¶ https://t.co/SAEMGuGdvY,50
150,-0.25,0.143,0.857,0.0,CBS News,"10,000 people march through capital of Scotland to protest President Trump: https://t.co/JTdNIsCvnZ https://t.co/FrEt4WmIvR",51
151,0.6486,0.0,0.823,0.177,CBS News,"Nancy Sinatra Sr., the childhood sweetheart of Frank Sinatra who became the first of his four wives and the mother‚Ä¶ https://t.co/4IJS91GYZr",52
152,0.0,0.0,1.0,0.0,CBS News,President Trump is in Scotland ahead of his high-stakes summit with Russian President Putin: https://t.co/jG6MxtyKWu https://t.co/myzzkjhraG,53
153,0.0,0.0,1.0,0.0,CBS News,"""The world has really changed"" when it comes to online dating https://t.co/3EW2UXkRIg https://t.co/Jv3hPLmhiY",54
154,-0.6124,0.263,0.737,0.0,CBS News,"LeSean McCoy's ex-girlfriend suspected NFL star was involved in her attack, 911 call reveals https://t.co/UQLr7vVrt9 https://t.co/uf4ZYJZuhb",55
155,0.0,0.0,1.0,0.0,CBS News,Ticks that carry Lyme disease are spreading fast https://t.co/mrgq8ZuAEJ https://t.co/1I4YBUCgiM,56
156,0.0,0.0,1.0,0.0,CBS News,Police search for paraglider who flew over resort where Trump is staying https://t.co/sHlJQ0UM3R https://t.co/V61Jyunjze,57
157,-0.4767,0.147,0.853,0.0,CBS News,"Remember the woman with frozen lashes that went viral? She's in the same spot, suffering heat and mosquitoes‚Ä¶ https://t.co/IgbtCslNvZ",58
158,-0.5859,0.27,0.73,0.0,CBS News,Black teen speaks out after woman is charged with attacking him at pool https://t.co/MQ3voduZzB https://t.co/XJWwlKgSiu,59
159,0.0,0.0,1.0,0.0,CBS News,"Why so many families are renting, not buying, homes https://t.co/PsITuv2J1R https://t.co/qe6AbMtFaf",60
160,-0.8591,0.463,0.537,0.0,CBS News,"Woman charged with attempted murder in beating of man, 92, with brick https://t.co/kXpkd9jRji https://t.co/a98gcqX85I",61
161,0.0,0.0,1.0,0.0,CBS News,Trump in Scotland ahead of high-stakes summit with Putin https://t.co/QuZHt2m5x9 https://t.co/E0FIYQhdr9,62
162,-0.7003,0.293,0.707,0.0,CBS News,"Woman harassed over Puerto Rican flag shirt says officer ""blatantly ignored"" her pleas for help‚Ä¶ https://t.co/6RJydwNnHx",63
163,-0.4404,0.244,0.756,0.0,CBS News,Inside the global race to develop hypersonic weapons https://t.co/cQuOCgJSW8 https://t.co/QYD06QVIpr,64
164,-0.3818,0.167,0.833,0.0,CBS News,Locals residents and state officials battle over access to public California beach https://t.co/9kpJYpwSza https://t.co/jmPRGs6AAw,65
165,0.2244,0.08,0.796,0.124,CBS News,"RT @CBSThisMorning: Don‚Äôt miss the debut of our new @CBSThisMorning Saturday team! 

@CBSMMiller and @DanaJacobson join @AnthonyMasonCBS th‚Ä¶",66
166,0.0,0.0,1.0,0.0,CBS News,Giant hogweed sends Virginia teen to hospital burn unit https://t.co/7nAIoLGcbd https://t.co/R4SwpkC0S8,67
167,0.2732,0.0,0.826,0.174,CBS News,Former students surprise music teacher who changed their lives https://t.co/rGt2sH4z1L https://t.co/zp919ZfwGi,68
168,-0.34,0.167,0.833,0.0,CBS News,"CDC warning on Kellogg's Honey Smacks: ""Do not eat this cereal"" https://t.co/ij8z0pVote https://t.co/igXuxQeUMc",69
169,0.0,0.0,1.0,0.0,CBS News,Why Russians indicted for hacking may never see the inside of a U.S. courtroom https://t.co/NWXanmdHDP https://t.co/SMye4tayMe,70
170,-0.4019,0.197,0.803,0.0,CBS News,"Papa John's dumped by sports teams, schools over Schnatter comments https://t.co/4NHuPc0f5U https://t.co/Lgx08d3642",71
171,-0.5859,0.322,0.678,0.0,CBS News,British police confirm source of Novichok poisoning https://t.co/cb4T5UhfLo https://t.co/A7HiejWmEh,72
172,0.0,0.0,1.0,0.0,CBS News,President Trump and Queen Elizabeth actually have a few things in common https://t.co/UC0MaFC6yH https://t.co/y4YLrK8xLV,73
173,0.0,0.0,1.0,0.0,CBS News,"Russians relied on bitcoin to finance election hacking, prosecutors say https://t.co/A8ok3FK0vV https://t.co/O7ND6SbeNS",74
174,0.0,0.0,1.0,0.0,CBS News,Jennifer Garner opens up about tabloid scrutiny of marriage and separation https://t.co/QZ0nWmqQmY https://t.co/4DtlgXsOnP,75
175,-0.6124,0.263,0.737,0.0,CBS News,"LeSean McCoy's ex-girlfriend suspected NFL star was involved in her attack, 911 call reveals https://t.co/93YCSlj3cq https://t.co/uEiCC9y11m",76
176,-0.2263,0.18,0.688,0.132,CBS News,"Father of youngest Thai cave survivor describes how boys became trapped, coach's response https://t.co/T5QxguAFj6 https://t.co/HceLENkAs0",77
177,-0.3182,0.15,0.85,0.0,CBS News,"Intel chief Dan Coats says of cyberattacks, ""We are at a critical point"" https://t.co/R9xDh1e4wl https://t.co/5MbxkwThKS",78
178,0.0,0.0,1.0,0.0,CBS News,Report: Video shows daytime shooting of reputed mob associate's son https://t.co/CB0O00Crbe https://t.co/9VkLBeHqSq,79
179,-0.8402,0.391,0.609,0.0,CBS News,Man seen on video berating woman over Puerto Rico shirt charged with felony hate crimes https://t.co/TVga5QZgRO https://t.co/5Qe1iJSKwY,80
180,-0.7003,0.293,0.707,0.0,CBS News,"Woman harassed over Puerto Rican flag shirt says officer ""blatantly ignored"" her pleas for help‚Ä¶ https://t.co/6HRezju9Ta",81
181,0.0,0.0,1.0,0.0,CBS News,Ticks that carry Lyme disease are spreading fast https://t.co/Z62SoxL2mL https://t.co/0qO26DM8kr,82
182,0.0,0.0,1.0,0.0,CBS News,"Scarlett Johansson drops out of ""Rub &amp; Tug"" amid backlash https://t.co/iLUh6BC38h https://t.co/Zgz0YzxJuO",83
183,-0.296,0.128,0.872,0.0,CBS News,"""Whistleblower"": Former employees take on pediatric dental chain when they suspect the company of wrongdoing‚Ä¶ https://t.co/iZ3fuFHytZ",84
184,0.0,0.0,1.0,0.0,CBS News,5 takeaways from FBI agent Peter Strzok's explosive congressional hearing https://t.co/gs5Stwc7Tq https://t.co/piwtcCMPT3,85
185,-0.4404,0.244,0.756,0.0,CBS News,Inside the global race to develop hypersonic weapons https://t.co/ycKdcM8KMI https://t.co/D92mBpetyS,86
186,0.0,0.0,1.0,0.0,CBS News,Giant hogweed sends Virginia teen to hospital burn unit https://t.co/gCLk0rXsUM https://t.co/BBEOfJn1a3,87
187,-0.34,0.167,0.833,0.0,CBS News,"CDC warning on Kellogg's Honey Smacks: ""Do not eat this cereal"" https://t.co/h4GydIgyfY https://t.co/fStlMCffRb",88
188,-0.4019,0.197,0.803,0.0,CBS News,"Papa John's dumped by sports teams, schools over Schnatter comments https://t.co/MQMecwMs5k https://t.co/QOVC26H9EZ",89
189,0.2732,0.0,0.826,0.174,CBS News,Former students surprise music teacher who changed their lives https://t.co/BLsPXhr3wC https://t.co/2i3tyHxdmz,90
190,-0.5859,0.322,0.678,0.0,CBS News,British police confirm source of Novichok poisoning https://t.co/TPOWswAKBv https://t.co/pM9z6fZpwk,91
191,0.0,0.0,1.0,0.0,CBS News,President Trump and Queen Elizabeth actually have a few things in common https://t.co/460kCwZUqn https://t.co/KUb0XKOVmJ,92
192,0.0,0.0,1.0,0.0,CBS News,Jennifer Garner opens up about tabloid scrutiny of marriage and separation https://t.co/TAq7mOgCan https://t.co/uxFdAboTQu,93
193,-0.6124,0.263,0.737,0.0,CBS News,"LeSean McCoy's ex-girlfriend suspected NFL star was involved in her attack, 911 call reveals https://t.co/vYGJPWjMVw https://t.co/CM69yl22HQ",94
194,-0.2263,0.18,0.688,0.132,CBS News,"Father of youngest Thai cave survivor describes how boys became trapped, coach's response https://t.co/ecwCMS2vqC https://t.co/T8AJXIIgEb",95
195,-0.6486,0.235,0.765,0.0,CBS News,"Baby dead after being left in hot car in south Florida, police say https://t.co/BTIJxMpZHm https://t.co/KNqq5L6YcK",96
196,0.0,0.0,1.0,0.0,CBS News,Report: Video shows daytime shooting of reputed mob associate's son https://t.co/GGV3A82RhN https://t.co/jaRSGoxG4U,97
197,-0.8402,0.391,0.609,0.0,CBS News,Man seen on video berating woman over Puerto Rico shirt charged with felony hate crimes https://t.co/agC8pl7nhj https://t.co/IWKRwDVSfu,98
198,0.0,0.0,1.0,0.0,CBS News,"Trump administration lays out plan to reunite 2,500 immigrant children with their families https://t.co/cOHIoNxhYc https://t.co/Dg9p1RvPHs",99
199,-0.7003,0.293,0.707,0.0,CBS News,"Woman harassed over Puerto Rican flag shirt says officer ""blatantly ignored"" her pleas for help‚Ä¶ https://t.co/YTPQPwjril",100
200,0.0,0.0,1.0,0.0,CNN,"Sandra Oh's Emmy nomination represents a new wave in Hollywood, writes Jeff Yang for @CNNOpinion‚Ä¶ https://t.co/Uz55Lf7SlH",1
201,0.0,0.0,1.0,0.0,CNN,Where is President Trump's Emmy nomination? https://t.co/mtWdel049f (via @CNNOpinion) https://t.co/y0VkQar9vs,2
202,-0.34,0.226,0.66,0.113,CNN,Homeland Security Secretary Kirstjen Nielsen warns state officials that the threat from Russia targeting US electio‚Ä¶ https://t.co/fnjed90PF5,3
203,0.0,0.0,1.0,0.0,CNN,What do you remember about the time of 9/11? See how George W. Bush harnessed the mood of the nation in #2000sCNN t‚Ä¶ https://t.co/j2lYKLwaKQ,4
204,-0.6705,0.268,0.732,0.0,CNN,"NY Gov. Andrew Cuomo calls the Trump administration's spending to detain immigrant children ""shocking and irrespons‚Ä¶ https://t.co/l8Y8t1VLwo",5
205,0.5574,0.0,0.783,0.217,CNN,"From the Supreme Court to Russian indictments, relive this week in politics https://t.co/fFYGdL1CJW https://t.co/rCRbcCSdDx",6
206,0.0772,0.0,0.909,0.091,CNN,Police departments across the country participate in the latest lip sync challenge https://t.co/R91Sp68qJU https://t.co/etNx934TMu,7
207,-0.0258,0.128,0.749,0.123,CNN,"It used to be mindless entertainment. Now, reality television is a dominant force in American politics. How did tha‚Ä¶ https://t.co/inyX7hocjS",8
208,0.0,0.0,1.0,0.0,CNN,"Gay men, adulterers publicly flogged in Indonesia https://t.co/7iV8SqScm7 https://t.co/y2ApR0iSoR",9
209,-0.7845,0.365,0.635,0.0,CNN,Man posing as rideshare driver accused of serial rape in San Francisco https://t.co/a5ZsgQyyBB https://t.co/VshWiUq3cu,10
210,-0.7964,0.351,0.649,0.0,CNN,Haiti's Prime Minister resigns amid violent and deadly protests sparked by a proposed plan to raise fuel prices‚Ä¶ https://t.co/sUgt4m3jvl,11
211,-0.1779,0.13,0.773,0.097,CNN,Los Angeles Mayor Eric Garcetti says the Trump administration created its own immigration problems by enacting a so‚Ä¶ https://t.co/rx5m03cK0T,12
212,-0.4939,0.167,0.833,0.0,CNN,A UK court ruling could catapult this 30-year-old from Iraq back to a life of fear and persecution‚Ä¶ https://t.co/tEoJMvS4B4,13
213,0.0,0.0,1.0,0.0,CNN,Woman survives 7 days after SUV plunges off cliff in Big Sur https://t.co/RDcbCUbk5f https://t.co/LkhIi8regP,14
214,0.0,0.0,1.0,0.0,CNN,"Microsoft wants regulation of facial recognition technology to limit ""abuse"" https://t.co/yrZtyqQjay https://t.co/culUmiMr8T",15
215,0.0,0.0,1.0,0.0,CNN,Have you ever noticed a large concrete arrow in your travels across America? They point the way to an intriguing us‚Ä¶ https://t.co/e9ldIc2EyE,16
216,-0.1531,0.103,0.897,0.0,CNN,Russian President Vladimir Putin looms for President Trump after reality-bending visit with US allies‚Ä¶ https://t.co/VBK1cCMRVK,17
217,-0.4588,0.214,0.786,0.0,CNN,"McDonald's pulls salads from 3,000 restaurants after parasite sickens dozens https://t.co/ZCsfrNPFHV https://t.co/GJbNdy1nf7",18
218,0.296,0.0,0.891,0.109,CNN,"Here's CNN's weekly roundup of the news, notes and chatter about the prospects for the next Democratic presidential‚Ä¶ https://t.co/jhP4I1C2En",19
219,0.0,0.0,1.0,0.0,CNN,Impact of Attorney General Jeff Sessions' asylum move already felt at border https://t.co/5AKQyaPG98 https://t.co/FJeN4bNPub,20
220,0.0,0.0,1.0,0.0,CNN,This video game could generate a new type of World Cup next year https://t.co/gji26lhVZa https://t.co/Bhcrmb81I8,21
221,-0.4588,0.167,0.762,0.071,CNN,"Jaguar escapes enclosure at Audubon Zoo in New Orleans and kills 4 alpacas, an emu and a fox https://t.co/JTwcwexRLj https://t.co/UNZ75WSIgz",22
222,0.0,0.0,1.0,0.0,CNN,"In Europe, First Lady Melania Trump is the Trump sticking to the script https://t.co/odZGVA2sfq https://t.co/0ZtVvImGrw",23
223,-0.5106,0.258,0.633,0.109,CNN,A senior National Security Council official who argued for increasing US refugee admissions and feuded with senior‚Ä¶ https://t.co/oELKfzIiK5,24
224,-0.3252,0.127,0.873,0.0,CNN,The British public doesn't appear amused with President Trump walking in front of Queen Elizabeth II‚Ä¶ https://t.co/9g5x8lMe0q,25
225,-0.296,0.167,0.833,0.0,CNN,Here's what you might have missed during a busy news week https://t.co/rv1W25n2Iw https://t.co/MXMHXycOXl,26
226,-0.5719,0.17,0.769,0.061,CNN,Philando Castile was fatally shot by police in Minnesota in 2016 ‚Äî then came the Russian trolls. An exclusive CNN i‚Ä¶ https://t.co/snbZHI833T,27
227,-0.34,0.211,0.789,0.0,CNN,Israelis and Palestinians exchange fire along Gaza border https://t.co/YFUZAkkv5i https://t.co/dAFsl7lqaU,28
228,0.6553,0.0,0.789,0.211,CNN,Is it dark? And are you wearing sunglasses? You‚Äôre ready for the return of the CNN series #History of Comedy. Hear‚Ä¶ https://t.co/spOWGQNvT1,29
229,0.4215,0.0,0.877,0.123,CNN,"The Thai boys rescued from a cave after nearly three weeks are ""sitting up in their beds"" and ""sending thank-you me‚Ä¶ https://t.co/m00GEVO4Nr",30
230,-0.3612,0.163,0.837,0.0,CNN,Serena Williams' fairytale return from maternity leave fell one match short as she lost to Angelique Kerber in the‚Ä¶ https://t.co/5max8jzFCc,31
231,0.0,0.0,1.0,0.0,CNN,Secretary of State Mike Pompeo says President Trump should proceed with his summit with Russian President Vladimir‚Ä¶ https://t.co/szEb8ClWru,32
232,-0.4215,0.149,0.851,0.0,CNN,"In Scotland, @PhilBlackCNN reports ""thousands of people"" have been rallying and protesting against Trump. One prote‚Ä¶ https://t.co/3Z1l8nN5we",33
233,0.5859,0.0,0.798,0.202,CNN,"Germany's Angelique Kerber beats American Serena Williams 6-3, 6-3 to win her first Wimbledon championship‚Ä¶ https://t.co/qvmrNpeovo",34
234,0.5859,0.0,0.798,0.202,CNN,"Germany's Angelique Kerber beats American Serena Williams 6-2, 6-3 to win her first Wimbledon championship‚Ä¶ https://t.co/tJUTOpoTjR",35
235,0.4215,0.0,0.865,0.135,CNN,"""What happened to when we were united against a common enemy?"" CNN's @smerconish slams partisan reactions to the ""t‚Ä¶ https://t.co/IQMCH75fBd",36
236,0.4939,0.083,0.744,0.174,CNN,"""Probably the best course of action is to cancel this meeting."" Democratic Rep. Mike Quigley says President Trump s‚Ä¶ https://t.co/8UVkrBidZj",37
237,0.0,0.0,1.0,0.0,CNN,"Belgium beats England 2-0, finishing third place in the World Cup https://t.co/CgOfxgNZCd https://t.co/Rag2LuM3bW",38
238,0.128,0.115,0.705,0.181,CNN,Novak Djokovic outlasts Rafael Nadal in Wimbledon semifinal to reach his first grand slam final in two years‚Ä¶ https://t.co/6lUvpufaOc,39
239,0.0258,0.0,0.927,0.073,CNN,Why Emmett Till's case matters to American history and our future https://t.co/dp49PtgYwG (via @CNNOpinion) https://t.co/4V6VYmNyfj,40
240,0.6597,0.0,0.748,0.252,CNN,A paragliding protester hovered within surprising proximity of Trump on Friday as the President admired the view fr‚Ä¶ https://t.co/UB9Dgswldg,41
241,-0.1027,0.217,0.583,0.2,CNN,"Director of National Intelligence Dan Coats raises the alarm on growing cyberattack threats against the US, saying‚Ä¶ https://t.co/sLfH84NISw",42
242,0.5106,0.0,0.732,0.268,CNN,How Finland has survived in Russia's dark shadow https://t.co/uaqYYKM8PB https://t.co/vCromYSYn4,43
243,-0.4215,0.215,0.629,0.156,CNN,This 12-year-old who is battling a rare bone cancer had her wish granted when she got to see the ocean and learn to‚Ä¶ https://t.co/OqpMmp7aoA,44
244,0.0,0.0,1.0,0.0,CNN,Newly-discovered fossils suggest giant dinosaurs evolved millions of years earlier than scientists thought https://t.co/1qJw5J5dhi,45
245,0.0,0.0,1.0,0.0,CNN,"Meet Care-E, the automated airport assistant that scans a boarding pass, carries luggage and guides passengers to t‚Ä¶ https://t.co/c12TfEbuCS",46
246,0.4404,0.0,0.868,0.132,CNN,"Scientists have discovered the world's oldest color. It's bright pink -- the color of bubble gum, flamingos and cot‚Ä¶ https://t.co/pXGHjWw5yb",47
247,0.7096,0.0,0.772,0.228,CNN,"From the biggest street art party in Hong Kong to a community art tour, here are six Instagrammable ways to enjoy H‚Ä¶ https://t.co/1MJl9Bgfc1",48
248,0.0,0.0,1.0,0.0,CNN,"Stitch Fix is tapping into the children's apparel market, launching subscription boxes with sizes 2T to 14. Founder‚Ä¶ https://t.co/VE939a8HoA",49
249,0.0,0.0,1.0,0.0,CNN,"Archaeologists unearth a mysterious sarcophagus in Egypt 
https://t.co/Z5XE26NQuK https://t.co/QbVllJbH6F",50
250,-0.3412,0.131,0.869,0.0,CNN,It's not always easy going green. Starbucks and Nestl√© customers embraced the brands' moves to environmentally-frie‚Ä¶ https://t.co/zVa4gcuLL8,51
251,-0.7964,0.309,0.618,0.073,CNN,5-year-old Garrett Matthias prepared his own obituary before he died from a rare form of pediatric cancer. In words‚Ä¶ https://t.co/kvDtKV3C0J,52
252,0.0,0.0,1.0,0.0,CNN,Starbucks is going strawless. The coffee company announced Monday that it will phase out plastic straws from all of‚Ä¶ https://t.co/4nPdL5wkfC,53
253,-0.0772,0.067,0.933,0.0,CNN,Scientists at the Teopanzolco archeological site discovered an ancient temple this week that was exposed by the dev‚Ä¶ https://t.co/NI106NMNKQ,54
254,-0.5267,0.159,0.841,0.0,CNN,A French bulldog named Darcy was given an oxygen mask on a JetBlue flight after showing signs of distress. Darcy's‚Ä¶ https://t.co/BfzWbTXPzn,55
255,0.4939,0.0,0.833,0.167,CNN,"In an experiment, Australian scientists have successfully wiped out more than 80% of disease-carrying mosquitoes in‚Ä¶ https://t.co/SKnF8K2Fiw",56
256,0.7351,0.0,0.744,0.256,CNN,A rescue organization in the Turks and Caicos Islands finds good homes for stray potcake puppies -- and allows tour‚Ä¶ https://t.co/iNMmocN8kl,57
257,0.0,0.0,1.0,0.0,CNN,"The US Navy has expanded its hair rules for female sailors, now permitting braids, ponytails and lock hairstyles‚Ä¶ https://t.co/dOUdRk9UTb",58
258,0.7717,0.0,0.642,0.358,CNN,There is now only one Blockbuster store left in the United States https://t.co/eVtGl36DfQ https://t.co/mSVPk9Ctj8,59
259,0.0,0.0,1.0,0.0,CNN,Shark bites Instagram model posing in the Bahamas https://t.co/w8PWXHQQA9 https://t.co/PDEQl5ItJK,60
260,-0.34,0.18,0.738,0.082,CNN,"Build-A-Bear was forced to turn customers away after an onslaught of people came to take advantage of its ""pay your‚Ä¶ https://t.co/mQstVtHGrj",61
261,-0.7964,0.253,0.747,0.0,CNN,"Hawaii just became the first state in the US to ban the sale of sunscreens that can harm coral reefs. Banana Boat,‚Ä¶ https://t.co/3gDJp7a6Pr",62
262,0.4215,0.0,0.851,0.149,CNN,The first underwater museum in the United States has opened off the coast of northwest Florida‚Ä¶ https://t.co/U10bURPlJy,63
263,-0.5423,0.2,0.8,0.0,CNN,"A flight from Hong Kong to the Chinese mainland suddenly lost air pressure and dropped nearly 20,000 feet because t‚Ä¶ https://t.co/PwqdFH1baL",64
264,-0.5574,0.175,0.825,0.0,CNN,The world's largest water slide will be demolished after a boy died on the ride in 2016 https://t.co/qy7pPAIIpj https://t.co/5B2eS3BeUG,65
265,0.0,0.0,1.0,0.0,CNN,"A particle called a neutrino was detected on Earth, found by sensors deep in the Antarctic ice, and traced to its s‚Ä¶ https://t.co/2hYUZxCN18",66
266,0.4005,0.072,0.77,0.159,CNN,Donald Trump says he's more popular than Abraham Lincoln. That's a hard claim to back up. https://t.co/OuPCv74UuU https://t.co/8Vq521unnS,67
267,-0.5574,0.159,0.841,0.0,CNN,"Nancy Sinatra, the first wife of singer Frank Sinatra, died Friday at the age of 101, her daughter said https://t.co/Vrg3IJD89f",68
268,-0.5423,0.211,0.717,0.072,CNN,A Florida man had a heart attack while laying sod in his front yard to avoid getting a fine from his homeowner's as‚Ä¶ https://t.co/kR8NfiUSis,69
269,0.4019,0.0,0.87,0.13,CNN,A jury has awarded $4.62 billion to 22 women who sued pharmaceutical giant Johnson &amp; Johnson alleging their ovarian‚Ä¶ https://t.co/rQDYbNWZTD,70
270,0.1779,0.0,0.928,0.072,CNN,These giant avocados are growing in Australia. Some have been known to weigh up to four pounds and are about five t‚Ä¶ https://t.co/cgXFVEx1o5,71
271,0.0,0.0,1.0,0.0,CNN,President Trump and Katy Perry are among the Twitter users hit hardest by the follower purge https://t.co/4V3kmwmrhL https://t.co/Uak1BlooYe,72
272,0.0,0.0,1.0,0.0,CNN,"A rare flood of desert rain has transformed a lake in Australia from an arid, salty basin to a spectacular, watery‚Ä¶ https://t.co/HCBw2jd5h8",73
273,0.5574,0.0,0.841,0.159,CNN,"Is there such a thing as going too far for a laugh? #HistoryOfComedy is back, and pushing boundaries further than e‚Ä¶ https://t.co/TFgGf1hYqY",74
274,0.0,0.0,1.0,0.0,CNN,"Meet Care-E, the automated airport assistant that scans a boarding pass, carries luggage and guides passengers to t‚Ä¶ https://t.co/dYT6NIBJ4p",75
275,0.0,0.0,1.0,0.0,CNN,"Tomatoes and strawberries were disappearing for weeks from hanging baskets outside this family's house, but a secur‚Ä¶ https://t.co/uqaam0yNAA",76
276,0.0,0.0,1.0,0.0,CNN,"Stitch Fix is tapping into the children's apparel market, launching subscription boxes with sizes 2T to 14. Founder‚Ä¶ https://t.co/ZrRGUduQ40",77
277,0.0,0.0,1.0,0.0,CNN,Mysterious burns on teen's face caused by brush with toxic plant https://t.co/oHEvX9UAW9 https://t.co/bU0ztER1VM,78
278,0.5709,0.0,0.81,0.19,CNN,"RT @AC360: Hi, I'm @AndersonCooper. I am really excited about our new show on Facebook Watch called Full Circle, a program created for you,‚Ä¶",79
279,0.0,0.0,1.0,0.0,CNN,Roger Stone appears to be the unnamed individual in a new Russia probe indictment made public Friday who is describ‚Ä¶ https://t.co/zeashgdqOn,80
280,-0.7003,0.225,0.775,0.0,CNN,The woman who was harassed by a man for wearing a Puerto Rico flag shirt wants the officer who ignored her pleas fo‚Ä¶ https://t.co/JuErNNdBTT,81
281,-0.5574,0.187,0.813,0.0,CNN,"RT @AC360: Anderson Cooper: The ""witch hunt,"" as the President called it, has now yielded 191 charges against 32 individuals and 3 companie‚Ä¶",82
282,0.0,0.0,1.0,0.0,CNN,How will Trump deal with Putin in Helsinki? | By Michael Bociurkiw via @CNNOpinion https://t.co/8TvNaMjvxP https://t.co/5P7J59HZtl,83
283,0.0,0.0,1.0,0.0,CNN,6 takeaways from the indictment of Russians for DNC hacking https://t.co/YjtwLqHn5F https://t.co/nAryrG6hCZ,84
284,0.296,0.0,0.82,0.18,CNN,Apple is helping bring education to girls in Brazil https://t.co/iFGmNlvCNu https://t.co/yNYKe0uvdN,85
285,0.0,0.0,1.0,0.0,CNN,"Despite Russia election bombshell, the Trump-Putin show will go on | Analysis by CNN's @StCollinson‚Ä¶ https://t.co/z05mQ9M8DT",86
286,0.0,0.0,1.0,0.0,CNN,"A Chinese spy ship is currently spying on a major US-led military exercise off the coast of Hawaii, the same exerci‚Ä¶ https://t.co/TqPlHPG1b6",87
287,-0.9042,0.397,0.603,0.0,CNN,At least 128 people have died in a suicide attack in Pakistan that targeted the convoy of a political candidate in‚Ä¶ https://t.co/n2w7kqnweP,88
288,-0.4767,0.14,0.86,0.0,CNN,Former Pakistani Prime Minister Nawaz Sharif and his daughter have been arrested and are being held in Islamabad af‚Ä¶ https://t.co/w980YBz06B,89
289,0.4118,0.0,0.842,0.158,CNN,"The FDA for the first time has approved a drug to treat smallpox.

The disease was eradicated in the 1980s, but the‚Ä¶ https://t.co/80tEjE75Yi",90
290,-0.5994,0.17,0.83,0.0,CNN,The death of a 16-year-old who was pinned and suffocated in his own minivan has prompted Cincinnati officials to im‚Ä¶ https://t.co/l0xG9BFXxP,91
291,0.3818,0.0,0.843,0.157,CNN,The indictment of 12 Russians has stunning implications | By Harry Litman via @CNNOpinion https://t.co/6lbXQQ2RW5 https://t.co/ufwplUdzj8,92
292,0.0258,0.11,0.776,0.114,CNN,"RT @CuomoPrimeTime: .@ChrisCuomo: ""You can't read this indictment... and not face the reality that the United States was hacked, by Russia,‚Ä¶",93
293,0.0258,0.094,0.809,0.098,CNN,The US Food and Drug Administration is advising people to avoid eating fresh crab meat from Venezuela because of po‚Ä¶ https://t.co/3PEVpUFyFO,94
294,0.34,0.0,0.893,0.107,CNN,Scarlett Johansson has opted to withdraw from a film in which she was set to play a transgender man after her casti‚Ä¶ https://t.co/yd5SVHkmck,95
295,0.2023,0.0,0.917,0.083,CNN,"RT @AC360: .@JeffreyToobin: ""Today is actually a significant moment in American history. We've only had 45 presidents... now we know one of‚Ä¶",96
296,0.5034,0.0,0.847,0.153,CNN,"Seven in 10 registered voters say they're extremely or very interested in the November elections, a record high in‚Ä¶ https://t.co/2bpEVzpV1e",97
297,0.5574,0.0,0.806,0.194,CNN,Republicans praise ex-FBI lawyer Lisa Page's testimony one day after the heated Peter Strzok hearing‚Ä¶ https://t.co/9CWHzrApH9,98
298,0.0,0.0,1.0,0.0,CNN,"RT @OutFrontCNN: ""It's as if your neighbor came over, robbed your house, burned it down, and then next day you go have a meal with him at t‚Ä¶",99
299,-0.7269,0.225,0.775,0.0,CNN,"RT @AC360: Journalist @carlbernstein on Russian indictments: ""This was an act of war by the Russians. An act of cyber warfare to undermine‚Ä¶",100
300,-0.5267,0.195,0.805,0.0,Fox News,"Charlie Hurt on NATO: ""[President @realDonaldTrump is] not afraid to talk about anything."" @GregGutfeldShow https://t.co/RlVwp6y8Ep",1
301,-0.2732,0.149,0.851,0.0,Fox News,"Officials say vaping co-pilot caused Air China flight to drop 21,000 feet https://t.co/hJLeTKerbL",2
302,0.4939,0.0,0.814,0.186,Fox News,"New York boy, 3, sings national anthem at baseball game in adorable video #ProudAmerican https://t.co/ZGxSeuxAO1",3
303,0.357,0.0,0.858,0.142,Fox News,"Russia not attacking midterms on same 'scale or scope' as in 2016, Nielsen says https://t.co/JjiSD8IHvA https://t.co/XOPfF2mH8Y",4
304,0.4939,0.0,0.789,0.211,Fox News,Six North Carolina nurses show off their  'baby bumps' in adorable photo https://t.co/P8ojwhY5xc,5
305,0.0772,0.14,0.701,0.159,Fox News,Arizona lawmaker apologizes after bragging about speeding to cop during traffic stop https://t.co/kaGtI6s1V5,6
306,-0.4939,0.204,0.694,0.102,Fox News,"Woman admits to killing her father after finding his child pornography collection, including photos of herself https://t.co/1gXPSkV1WM",7
307,0.5574,0.0,0.816,0.184,Fox News,I was Supreme Court nominee Kavanaugh's law clerk -- Let me tell you about the man I know https://t.co/xx1IdPQpTh,8
308,0.0,0.0,1.0,0.0,Fox News,"'Organized Cruelty‚Äô: Clinton Blasts Trump Administration for 'Trying to Rip the Heart Out of America' 
 https://t.co/18eXz2MkhV",9
309,0.0,0.0,1.0,0.0,Fox News,Rep. DeSantis Blasts Strzok After House Hearing: 'Why Is He Still Getting a Paycheck?' https://t.co/OfPs7CraKb,10
310,0.6705,0.0,0.744,0.256,Fox News,".@GovMikeHuckabee on NATO: ""Thank goodness that [@POTUS] doesn't just roll over and let these smaller nations push‚Ä¶ https://t.co/BP8oeduxjR",11
311,0.5267,0.0,0.848,0.152,Fox News,".@DarrellIssa on Strzok hearing: ""The only justice we're gonna get is from the American people who hearing Peter St‚Ä¶ https://t.co/OEqaWxt1MM",12
312,0.5423,0.0,0.774,0.226,Fox News,Judge has second thoughts hours after praising Trump administration for family reunifications https://t.co/OLfCTYNaCo,13
313,-0.4939,0.204,0.694,0.102,Fox News,"Woman admits to killing her father after finding his child pornography collection, including photos of herself https://t.co/7VJLlNITgo",14
314,-0.3867,0.143,0.79,0.067,Fox News,"TOMORROW: Don't miss ""Life, Liberty, &amp; Levin"" with @marklevinshow - Tune in at 10p ET on Fox News Channel! https://t.co/0gPYq3L8yX",15
315,0.3612,0.0,0.828,0.172,Fox News,Richmond Airport apologizes after official reportedly told mom breastfeeding was 'indecent exposure' https://t.co/Xtxn2hdvD2,16
316,0.0,0.0,1.0,0.0,Fox News,Fireworks illuminate the Eiffel Tower in Paris during Bastille Day celebrations on Saturday. Bastille Day marks the‚Ä¶ https://t.co/jrdfd9MVyR,17
317,0.128,0.0,0.919,0.081,Fox News,MONDAY: Chris Wallace sits down for an exclusive interview with Russian President Vladimir Putin following the summ‚Ä¶ https://t.co/QMUwJiVkk4,18
318,0.0772,0.0,0.885,0.115,Fox News,".@DiamondandSilk on Peter Strzok: ""We want answers from him."" @WattersWorld https://t.co/OKFrRUkd8S",19
319,0.281,0.086,0.771,0.144,Fox News,‚ÄòPretty plane girl‚Äô slams passenger for sharing ‚Äòfalse‚Äô viral ‚ÄòPlane bae‚Äô story to Twitter without consent https://t.co/TGDFt4mlpN,20
320,0.0,0.0,1.0,0.0,Fox News,.@SecPompeo: Trump-Putin summit should proceed https://t.co/DeAgnC4mCK,21
321,0.0,0.0,1.0,0.0,Fox News,An MV-22B Osprey tiltrotor aircraft sits on display through a firework show during the Marine Corps Air Station Fut‚Ä¶ https://t.co/bqblXorf9U,22
322,0.0,0.0,1.0,0.0,Fox News,".@KimStrassel on Strzok hearing: ""This is the @FBI continuing to obstruct congressional oversight."" @WattersWorld https://t.co/2xUTBtWyIb",23
323,0.0,0.0,1.0,0.0,Fox News,OPINION: My baby nephew was dying and his mother's response was unforgettable https://t.co/RfNT4KHBmx,24
324,-0.5994,0.26,0.651,0.089,Fox News,"Jaguar escapes captivity in New Orleans, killing 6 other animals before being sedated https://t.co/Vf4GSketys",25
325,0.357,0.0,0.85,0.15,Fox News,"Russia not attacking midterms on same 'scale or scope' as in 2016, Nielsen says https://t.co/yE9yols4EG",26
326,0.25,0.129,0.693,0.178,Fox News,Senate Democrats are gearing up to fight Brett Kavanaugh's Supreme Court nomination; Lauren Green reports.‚Ä¶ https://t.co/BLjXm9X3Dh,27
327,0.0,0.0,1.0,0.0,Fox News,".@SenWarren on Brett Kavanaugh: ""Trump didn't name someone who would stand up for working people the way he promise‚Ä¶ https://t.co/5rh5J9jWjV",28
328,0.1779,0.096,0.776,0.128,Fox News,"Sen. @LindseyGrahamSC: ""I have a lot of faith in President Trump. Bush misread Putin. Putin ran over Obama because‚Ä¶ https://t.co/6V4yiSfgqQ",29
329,0.3382,0.11,0.685,0.205,Fox News,"Don‚Äôt miss a special @FoxandFriends live from Helsinki, Sunday at 6a ET! https://t.co/UGzyDSS1zV",30
330,0.4019,0.0,0.847,0.153,Fox News,".@GillianHTurner: ""In a new 29-page indictment the DOJ released [Friday] the Russia special counsel draws a direct‚Ä¶ https://t.co/DRkpZcFe2h",31
331,0.0,0.0,1.0,0.0,Fox News,President @realDonaldTrump and Russian President Vladimir Putin will meet Monday in Helsinki; @kevincorke reports.‚Ä¶ https://t.co/sQPQXqtx3g,32
332,-0.6369,0.302,0.698,0.0,Fox News,Florida man warns about saltwater poisoning after dog dies days after beach trip https://t.co/BZqLVmwPFq,33
333,0.4939,0.083,0.744,0.174,Fox News,"Benham Ben Taleblu: ""@POTUS hit it perfectly when he was talking about the German contradiction which is, here's a‚Ä¶ https://t.co/bzLoljROdL",34
334,-0.4019,0.162,0.838,0.0,Fox News,Trump blames Obama administration after Russia indictments: 'Why didn't they do something about it?' https://t.co/iVUSyCFRb2,35
335,0.0,0.0,1.0,0.0,Fox News,".@JohnGaramendi on Trump, Putin meeting: ""I think the meeting should take place because it is a necessity for‚Ä¶ https://t.co/CCCbl2cHdd",36
336,0.0,0.0,1.0,0.0,Fox News,Fox News Poll: Should President Trump meet with Russian President Vladimir Putin. https://t.co/C9RQuNcjli,37
337,0.2023,0.095,0.776,0.129,Fox News,Woman wanted for grand theft goes missing after her husband dies with lethal levels of Benadryl in his system https://t.co/srGoRMsUuT,38
338,0.4767,0.099,0.662,0.238,Fox News,Ken Starr on Supreme Court Nominee Kavanaugh: He 'Deserves Confirmation Overwhelmingly' https://t.co/5ZaQKKYYY2,39
339,-0.4939,0.296,0.704,0.0,Fox News,Haitian prime minister resigns after widespread protests over fuel price hike https://t.co/W70RwW7QJN,40
340,0.6486,0.0,0.725,0.275,Fox News,Mom of Waffle House shooting survivor gets wedding dress for waitress who saved son's life https://t.co/2YzczpVmzP,41
341,0.128,0.0,0.919,0.081,Fox News,MONDAY: Chris Wallace sits down for an exclusive interview with Russian President Vladimir Putin following the summ‚Ä¶ https://t.co/li0ZrixvsG,42
342,-0.1689,0.07,0.93,0.0,Fox News,OPINION: We need to hear more about anti-Trump bias by the FBI and Mueller's team -- House hearing must not be the‚Ä¶ https://t.co/beDMTGG0u6,43
343,0.4939,0.0,0.814,0.186,Fox News,"New York boy, 3, sings national anthem at baseball game in adorable video #ProudAmerican  https://t.co/juLD2qOhoA",44
344,0.0,0.0,1.0,0.0,Fox News,'Papa John' Schnatter claims he was ‚Äòpushed‚Äô to use n-word https://t.co/exI8jVHsEN,45
345,0.25,0.0,0.833,0.167,Fox News,Defense Sec. James Mattis met with Balkan defense chiefs ahead of the Russia summit; @JenGriffinFNC reports. https://t.co/LFPkh5kWIm,46
346,0.5719,0.0,0.709,0.291,Fox News,Mixed emotions in Balkans over Croatia's World Cup success https://t.co/HjViF2RVQ6,47
347,0.4767,0.093,0.683,0.224,Fox News,Ken Starr on Supreme Court Nominee Kavanaugh: He 'Deserves Confirmation Overwhelmingly' https://t.co/NqY8Z6wP2V https://t.co/qL9H1wT4BB,48
348,0.0,0.0,1.0,0.0,Fox News,President @realDonaldTrump and Russian President Vladimir Putin will meet in Helsinki on Monday; @kevincorke report‚Ä¶ https://t.co/7pmrHY6uxs,49
349,0.25,0.148,0.625,0.227,Fox News,Trump supporters turn out in London a day after protests https://t.co/ntCJCB9Rhc,50
350,0.0,0.0,1.0,0.0,Fox News,"Waves caused by high tide envelops a man standing outside his house near the Arabian Sea in Mumbai, India. The man‚Ä¶ https://t.co/fSEsyTkyy2",51
351,0.0,0.0,1.0,0.0,Fox News,"RT @EricShawnTV: We're on! One hour down, two to go @FoxNews. The @POTUS @realDonaldTrump and Vladimir Putin meeting. How should Putin be p‚Ä¶",52
352,0.0,0.0,1.0,0.0,Fox News,"On an all-new 'OBJECTified,' @KrisJenner sits down with @harveylevintmz to discuss her journey ‚Äì and the events tha‚Ä¶ https://t.co/H9ZQ9mTEMg",53
353,-0.7271,0.276,0.724,0.0,Fox News,".@RepDeSantis: ‚ÄúI think Strzok‚Äôs testimony really left a lot of American frustrated because he was not honest, not‚Ä¶ https://t.co/ri0TqkQc2r",54
354,0.5574,0.0,0.765,0.235,Fox News,"Dan Springer: ""The Trump administration is making significant progress in reuniting immigrant children with their p‚Ä¶ https://t.co/JLGQqd1OA9",55
355,0.1298,0.088,0.803,0.108,Fox News,".@HillaryClinton: ""I believe with all my heart that the test of any society is how we treat the most vulnerable amo‚Ä¶ https://t.co/APZNWcuFNP",56
356,0.0,0.0,1.0,0.0,Fox News,"Following former FBI lawyer Lisa Page's closed-door session with lawmakers, @RepMarkMeadows said he believes Page i‚Ä¶ https://t.co/4KJEwfbBGs",57
357,0.4588,0.0,0.789,0.211,Fox News,"Indiana patrol officer rescues, later adopts dog after finding it shot in face, covered in bleach https://t.co/SIK1oFjt6j",58
358,0.4019,0.0,0.847,0.153,Fox News,".@GillianHTurner: ""In a new 29-page indictment the DOJ released [Friday] the Russia special counsel draws a direct‚Ä¶ https://t.co/Ewncn11fvB",59
359,0.25,0.148,0.625,0.227,Fox News,Trump supporters turn out in London a day after protests https://t.co/pUAsSbIZ9r,60
360,0.7184,0.0,0.636,0.364,Fox News,Taylor Swift jokes she's 'third wheel' after fan proposes to girlfriend in front of surprised pop star https://t.co/ZpbfI2962I,61
361,0.0,0.0,1.0,0.0,Fox News,".@KimStrassel: ""If the American people are to have a prayer of ever finding out what the FBI did in 2016 with regar‚Ä¶ https://t.co/A2xoHPWUp0",62
362,0.1779,0.124,0.718,0.158,Fox News,".@marykissel on Vladimir Putin: ""How can you trust him when he's embarrassing President @realDonaldTrump in Syria,‚Ä¶ https://t.co/gYfY77B6Wa",63
363,0.5556,0.0,0.685,0.315,Fox News,"Swing-vote senators signal potential support for Kavanaugh, despite well-funded left-wing pressure https://t.co/FFdEqRZhtC",64
364,0.0,0.0,1.0,0.0,Fox News,".@marykissel on Trump, Putin summit: ""I think @realDonaldTrump just wants to get along, frankly. And I think he'd l‚Ä¶ https://t.co/GuZr6sQPaN",65
365,-0.6597,0.453,0.291,0.256,Fox News,'CSI' episode helps Florida police solve a fake murder https://t.co/Ykwc1Nz5UK,66
366,0.0,0.0,1.0,0.0,Fox News,".@wjmcgurn on Brett Kavanaugh: ""He's not the kind of guy who wants to be a celebrity judge that Anthony Kennedy enj‚Ä¶ https://t.co/4tYIoEmAsa",67
367,-0.743,0.283,0.717,0.0,Fox News,OPINION: A Purple Heart for disgraced FBI agent Strzok? The very suggestion is an insult to the military https://t.co/6YoHkTbooI,68
368,0.0,0.0,1.0,0.0,Fox News,".@esaagar on Lisa Page testimony: ""She is willing to talk about more of the details of the origination of the Trump‚Ä¶ https://t.co/zs6IHbe8rd",69
369,0.0,0.0,1.0,0.0,Fox News,".@esaagar on Lisa Page testimony: ""We are going to learn more especially if she is willing to speak publicly before‚Ä¶ https://t.co/RJ5IpzmxrR",70
370,0.7845,0.0,0.743,0.257,Fox News,".@RepMarkMeadows: ""I can tell you Lisa Page is a very credible witness. She's doing her best to help us find the tr‚Ä¶ https://t.co/b9ov1aDUnE",71
371,0.4574,0.0,0.85,0.15,Fox News,RT @EricShawnTV: A special 3 hour Saturday! I anchor starting at 4 pm EDT @FoxNews with @ArthelNeville. The #RussianHacking. What should @P‚Ä¶,72
372,0.25,0.0,0.88,0.12,Fox News,"Alina Polyakova: ""Putin is going to want to have an olive branch that he can extend to @POTUS to say, 'look I'm a t‚Ä¶ https://t.co/hkwcWuI7hh",73
373,0.0,0.0,1.0,0.0,Fox News,"Alina Polyakova on Trump-Putin summit: ""[@POTUS] holds all the cards ahead of this meeting."" https://t.co/xdNPTqUqPM https://t.co/ZZ6sAq3RU2",74
374,0.0,0.0,1.0,0.0,Fox News,Fox News Poll: Robert Mueller's investigation of the Trump campaign and Russia. https://t.co/t6USAF0GQR,75
375,0.0,0.0,1.0,0.0,Fox News,"Whitney Boan: ""We have this indictment, and that doesn't mean that this is the last indictment."" https://t.co/JKYhIynNDL",76
376,-0.3182,0.119,0.881,0.0,Fox News,Serena Williams loses to Angelique Kerber in Wimbledon final; dedicates performance to 'all the moms out there' https://t.co/IF6eJoQwAY,77
377,0.2263,0.0,0.863,0.137,Fox News,Virtual reality developers aim to spark tech boom in the Deep South https://t.co/kGNnSFQqge,78
378,0.0,0.0,1.0,0.0,Fox News,".@kevincorke: ""A bit of breaking news - Fox News can confirm that @POTUS and President Vladimir Putin will conduct‚Ä¶ https://t.co/bElJ5ZYF8Y",79
379,-0.2244,0.106,0.894,0.0,Fox News,TONIGHT: Don‚Äôt miss ‚ÄúFox Report with Jon Scott‚Äù at 7p ET on Fox News Channel! @JonScottFNC https://t.co/cv5d2FWMxo,80
380,-0.6369,0.318,0.682,0.0,Fox News,Minnesota authorities investigating after teen fatally shot by deputies https://t.co/X3ti1h2Igh,81
381,-0.1027,0.085,0.915,0.0,Fox News,".@RepAndyBiggsAZ: ""Here's a guy with literally hundreds - maybe thousands - of text messages showing bias, and he's‚Ä¶ https://t.co/FOAFhPkPIP",82
382,0.0,0.0,1.0,0.0,Fox News,"Ed Rollins on Trump/Putin summit: ""This is going to be a test of wills."" https://t.co/1yypK7TIPS",83
383,-0.296,0.196,0.804,0.0,Fox News,".@HeatherZuma: ""@POTUS's tax cuts are really fueling this economy."" https://t.co/Xh2Tn9TslR",84
384,0.0,0.0,1.0,0.0,Fox News,"In an interview on @foxandfriends, Democratic Congressman @RepTimRyan discussed his economic philosophy.‚Ä¶ https://t.co/ThHI2JQ2uO",85
385,0.5994,0.0,0.738,0.262,Fox News,'Super Judgmental': @RepTimRyan Reacts to @NancyPelosi's Remark That He Is 'Inconsequential' https://t.co/OGOZgSryKu,86
386,0.6801,0.0,0.752,0.248,Fox News,".@RepDanKildee: ""Obviously, in retrospect, we all wish that there would've been much firmer and more bold action ag‚Ä¶ https://t.co/JuLJHChChh",87
387,0.0,0.0,1.0,0.0,Fox News,".@gen_jackkeane: ""The NATO summit [was] largely successful."" https://t.co/EzYv3tZGUO",88
388,-0.4939,0.204,0.694,0.102,Fox News,"Woman admits to killing her father after finding his child pornography collection, including photos of herself https://t.co/1gXPSkV1WM",89
389,0.5267,0.0,0.825,0.175,Fox News,"'A Step in the Right Direction': @GiannoCaldwell Praises Trump DOJ After 1955 Emmett Till Case Reopened
https://t.co/LPzMLzaemb",90
390,0.5267,0.0,0.793,0.207,Fox News,"On ""Cavuto Live,"" @SenMikeLee slammed @HillaryClinton for her comments about Justice Brett Kavanaugh.‚Ä¶ https://t.co/xOIYX4MvDy",91
391,0.128,0.1,0.776,0.123,Fox News,".@AlanDersh: ""There's no need for a special counsel to do the kind of investigation that led to this indictment.""‚Ä¶ https://t.co/eXoogAkQj3",92
392,0.128,0.0,0.889,0.111,Fox News,Chris Wallace Announces Exclusive Interview With Vladimir Putin Monday After Trump Summit https://t.co/X4a3okDE8C,93
393,-0.0258,0.102,0.802,0.096,Fox News,"President @realDonaldTrump waves to protesters while playing golf at Turnberry golf club, in Scotland. A dozen demo‚Ä¶ https://t.co/Q6ZyxoAApR",94
394,0.0,0.0,1.0,0.0,Fox News,"A newborn giraffe born at wildlife conservation center The Wilds in Cumberland, Ohio, was caught on camera attempti‚Ä¶ https://t.co/Kc6xlMJJb1",95
395,-0.1027,0.104,0.811,0.086,Fox News,"JUST IN: Serena Williams loses in straight sets to Angelique Kerber in Wimbledon final, just 10 months after giving‚Ä¶ https://t.co/f1mmnd8uOq",96
396,0.0,0.0,1.0,0.0,Fox News,.@RepDeSantis Blasts Strzok After House Hearing: 'Why Is He Still Getting a Paycheck?' https://t.co/6DCqTk5WIH https://t.co/cGIRNG7fUY,97
397,0.5574,0.0,0.816,0.184,Fox News,"In a speech yesterday, @HillaryClinton called the Supreme Court nomination of Brett Kavanaugh an obvious attempt to‚Ä¶ https://t.co/UZIWX70jab",98
398,0.0,0.0,1.0,0.0,Fox News,Fox News Poll: @POTUS on Russia. https://t.co/GaVfBoFoPR,99
399,0.0,0.0,1.0,0.0,Fox News,"Billy Bush's wife, Sydney Davis, files for divorce after nearly 20 years of marriage: report https://t.co/QM3fisBQAk",100
400,0.4019,0.0,0.886,0.114,The New York Times,"In Opinion 

Op-Ed contributor Tina Rosenberg writes: ""New York City is the safest big city in the nation. Can it g‚Ä¶ https://t.co/A6bvmJZ1yw",1
401,0.7906,0.0,0.731,0.269,The New York Times,"The suburban sprawl around Paris is home to the greatest pool of soccer talent in Europe, including 8 of France's 2‚Ä¶ https://t.co/YxXT9eYwwm",2
402,0.0,0.0,1.0,0.0,The New York Times,"Garlic, anchovies, capers and tuna come together in this briny, tomato-less take on the classic pasta puttanesca‚Ä¶ https://t.co/JBCOFweOsT",3
403,-0.0772,0.058,0.942,0.0,The New York Times,Angela Ponce will become the first transgender woman to compete in the Miss Universe pageant. But she is also on a‚Ä¶ https://t.co/U1kqn4LArl,4
404,0.0,0.0,1.0,0.0,The New York Times,"Retail is an incredibly gender-delineated space. So what does a ""gender-free"" store look like?https://t.co/g9ALur4LC2",5
405,-0.4404,0.153,0.847,0.0,The New York Times,Why is there a life-size replica of a Harlem block in a Swedish forest? A photographer visited Potemkin villages ar‚Ä¶ https://t.co/P4CvDG6PKT,6
406,-0.8555,0.512,0.488,0.0,The New York Times,Death Toll in Pakistan Suicide Bombing Rises to 128 https://t.co/t1RikLuffZ,7
407,0.5267,0.0,0.747,0.253,The New York Times,"Influential judge, conservative warrior, Washington insider: beyond the carefully shaped narrative of President Tru‚Ä¶ https://t.co/yDJ4JDSFsa",8
408,0.0,0.0,1.0,0.0,The New York Times,This has been the Google Translate World Cup https://t.co/dZ3jxtttNI,9
409,-0.2263,0.174,0.826,0.0,The New York Times,Haiti‚Äôs Prime Minister Quits Amid Protests Over Fuel Plan https://t.co/PiUs4sW92S,10
410,0.296,0.0,0.901,0.099,The New York Times,"Our 52 Places traveler shares what she uses to make photos and videos, charge devices and organize all those travel‚Ä¶ https://t.co/yYEy9F6nEi",11
411,0.0,0.0,1.0,0.0,The New York Times,The Ethicist: Should I Tell My Siblings About Mom‚Äôs Affair? https://t.co/piKcRXriDO,12
412,0.2263,0.0,0.881,0.119,The New York Times,Don‚Äôt be surprised if a TSA agent asks you to remove food from your carry-on https://t.co/QLWqf0cFrS,13
413,0.0772,0.274,0.421,0.305,The New York Times,Losing Yourself in a Good Book https://t.co/HS3q6QeVKL,14
414,-0.7506,0.478,0.522,0.0,The New York Times,Two Student Protesters Killed in Nicaragua Church Siege https://t.co/PHVzrKGd1c,15
415,-0.5267,0.323,0.538,0.14,The New York Times,news analysis: Forget a Fast Car. Creativity Is the New Midlife Crisis Cure. https://t.co/7nV0h9rpY2,16
416,0.0,0.0,1.0,0.0,The New York Times,Michael Avenatti thinks he can bring down the president ‚Äî one cable-news hit at a time https://t.co/G3Gr75JHWD,17
417,-0.34,0.194,0.806,0.0,The New York Times,Judge Criticizes Trump Administration for Response to Family Reunification Order https://t.co/un3jhf6YVW,18
418,0.4404,0.0,0.854,0.146,The New York Times,"Some small studies suggest that spending time in nature, specifically in lush forests, might improve your health https://t.co/863ha9bvMN",19
419,-0.4767,0.358,0.438,0.204,The New York Times,"‚ÄòDownloadable Gun‚Äô Clears a Legal Obstacle, and Activists Are Alarmed https://t.co/2HattY9FnZ",20
420,-0.3804,0.178,0.715,0.107,The New York Times,"In Opinion

Op-Ed columnist Maureen Dowd writes, ‚ÄúTrump has certainly made political discourse more crude and belli‚Ä¶ https://t.co/TaFe8ohFuk",21
421,0.0,0.0,1.0,0.0,The New York Times,"In retrospect, Brett Kavanaugh's climb to a justice‚Äôs seat may seem calculated ‚Äî from pursuing jobs that put him cl‚Ä¶ https://t.co/GzluXCVkrb",22
422,0.0,0.0,1.0,0.0,The New York Times,"This Bastille Day, master the essentials of French cooking https://t.co/zBo5E07oLz https://t.co/P1H9XscD5f",23
423,-0.6249,0.255,0.745,0.0,The New York Times,"At a Kentucky restaurant taking on the opioid crisis, cooking is ‚Äú100% therapy‚Äù https://t.co/uVMS7Dkv5P",24
424,0.0,0.0,1.0,0.0,The New York Times,RT @kzernike: ‚ÄúPretend you‚Äôre a man‚Äù didn‚Äôt work.  https://t.co/1rFVZmJseo,25
425,0.7783,0.09,0.526,0.383,The New York Times,"Thanks to a legal settlement with the U.S. government, a Texas gun enthusiast and free speech advocate can resume p‚Ä¶ https://t.co/uWjm9JhUBR",26
426,-0.2263,0.161,0.717,0.121,The New York Times,"8 black rhinos died in Kenya after being transported to a sanctuary meant to help preserve the endangered species,‚Ä¶ https://t.co/Bf5CYaO3xA",27
427,-0.3818,0.133,0.867,0.0,The New York Times,"A severe drought in Ireland revealed the outline of a henge that may have been standing 5,000 years ago https://t.co/4kEBft70Om",28
428,-0.2263,0.106,0.894,0.0,The New York Times,"After 2 police officers in Georgia stopped a driver for speeding, they used a coin-tossing app while deciding wheth‚Ä¶ https://t.co/R44hJwxMnl",29
429,0.0,0.0,1.0,0.0,The New York Times,The spectacle of a president bashing his nation‚Äôs news organizations on foreign soil ‚Äî in scenes broadcast live aro‚Ä¶ https://t.co/RLCROwQbGZ,30
430,-0.296,0.104,0.896,0.0,The New York Times,"Put away the suit, bring along the kids, show that tattoo. No longer conforming to stereotypes, female candidates a‚Ä¶ https://t.co/VfcjFpUzrj",31
431,0.0,0.0,1.0,0.0,The New York Times,"In Opinion

Roberto Rey Agudo writes, ""To say that someone does not have an accent is as believable as saying that‚Ä¶ https://t.co/OKkJ7atgA4",32
432,0.5574,0.0,0.847,0.153,The New York Times,"As Brett Kavanaugh prepares to persuade the Senate that he's suited for the Supreme Court, he takes on something at‚Ä¶ https://t.co/caXFUP3yka",33
433,0.0,0.0,1.0,0.0,The New York Times,House hunting goes virtual https://t.co/L8wVu0x49v,34
434,0.296,0.0,0.864,0.136,The New York Times,Are you a full-time teacher with a second job to supplement your salary? Share your story.  https://t.co/eO0syfNMA2,35
435,0.0387,0.083,0.827,0.09,The New York Times,"‚ÄúWithout you I am like a coloring book with no color. I am the structure, but you are the color."" https://t.co/TXJ1qNpcEF",36
436,-0.2584,0.135,0.865,0.0,The New York Times,These women were told not to play soccer. Instead they formed a team. https://t.co/sQDp0x7wyw https://t.co/5EKZkFn866,37
437,-0.296,0.095,0.905,0.0,The New York Times,"Residents of one of Mexico‚Äôs rainiest regions often have no water to drink, so many hydrate with soda. The impact o‚Ä¶ https://t.co/iQHVwZpXkT",38
438,0.8126,0.067,0.603,0.33,The New York Times,"When the 2 leaders sit down in Finland, Trump‚Äôs abiding desire to win over Vladimir Putin will loom as a powerful d‚Ä¶ https://t.co/9xMAYVnWoS",39
439,-0.128,0.073,0.927,0.0,The New York Times,"Leading up to his weekend in Scotland, Trump has managed to repeatedly plug his Turnberry golf resort, alarming eth‚Ä¶ https://t.co/ftr0hvb6cl",40
440,0.0,0.0,1.0,0.0,The New York Times,"""We‚Äôre trying to tell as many black stories as possible and resist one-dimensional representations"" https://t.co/BWHaZFySHp",41
441,0.0,0.0,1.0,0.0,The New York Times,"We chart America‚Äôs complicated history of infant feeding, starting with the spread of formula https://t.co/Z3W4t123ij",42
442,0.0,0.114,0.772,0.114,The New York Times,"For Isabella and thousands of other migrant parents hoping to be reunited with their children, part of the trauma h‚Ä¶ https://t.co/bfQKyEd241",43
443,0.0,0.0,1.0,0.0,The New York Times,"Many Democrats are outmatched by Republicans when it comes to tech-savvy campaigning. A network of 4,500 tech worke‚Ä¶ https://t.co/IvMOv5Wp08",44
444,-0.7579,0.228,0.772,0.0,The New York Times,"RT @nytopinion: After World War II, many Germans saw America as the guarantor of the liberal democratic order. It‚Äôs a shock to them that th‚Ä¶",45
445,0.5719,0.117,0.623,0.261,The New York Times,"Breaking News: Angelique Kerber won her first Wimbledon title by beating Serena Williams, who was seeking a Grand S‚Ä¶ https://t.co/zyBj8neRLy",46
446,0.0,0.0,1.0,0.0,The New York Times,An ode to old maids everywhere https://t.co/dMWlTP7kmA,47
447,0.7579,0.0,0.735,0.265,The New York Times,"Trump's Supreme Court nominee has talked a lot about his mother, the public servant. Just as influential in his lif‚Ä¶ https://t.co/Kd6nSbsFnt",48
448,-0.5574,0.167,0.833,0.0,The New York Times,"Nancy Barbato Sinatra, who has died at 101, remained Frank Sinatra's confidante for decades after their divorce in‚Ä¶ https://t.co/4my80b7Iej",49
449,0.7314,0.142,0.549,0.309,The New York Times,"No sitting on the floor, no hugging your siblings, and it‚Äôs best not to cry: Migrant children describe life in dete‚Ä¶ https://t.co/P44lXjU2dR",50
450,0.4199,0.0,0.883,0.117,The New York Times,After years of being told to put on a suit and recite their r√©sum√© ‚Äî and smile! ‚Äî women running for office are thro‚Ä¶ https://t.co/wDfnVFGypy,51
451,0.0,0.0,1.0,0.0,The New York Times,France eliminated Belgium. Croatia eliminated England. We eliminated the ‚öΩÔ∏ès from these World Cup semifinals photos‚Ä¶ https://t.co/TxBoEKnA0l,52
452,0.0,0.0,1.0,0.0,The New York Times,"The day Donald Trump publicly asked Russia to find Hillary Clinton‚Äôs emails in 2016, Russia began to target her ser‚Ä¶ https://t.co/aKEnltUVIh",53
453,0.0,0.0,1.0,0.0,The New York Times,"RT @karenyourish: Trump has spent 169 days of his presidency, or about 30% of his time in office, visiting Trump properties. He is spending‚Ä¶",54
454,-0.3919,0.175,0.726,0.1,The New York Times,"It was over in less than 20 seconds, but even casual followers of the monarchy were aghast  https://t.co/uIQwVwpJeB",55
455,0.4939,0.141,0.563,0.296,The New York Times,"Found: A 2,000-year-old sarcophagus that was perfectly sealed.
Inside: Unclear. https://t.co/Lm9p1Gy87I",56
456,-0.3612,0.238,0.762,0.0,The New York Times,"The new toll of student debt in 3 charts
https://t.co/bjepY6hUYb",57
457,-0.2411,0.141,0.859,0.0,The New York Times,Not sure what to do in NYC this weekend? We‚Äôve got you. https://t.co/bAq3dvD9gl,58
458,-0.296,0.216,0.784,0.0,The New York Times,"It's the universal World Cup ""oh no"" https://t.co/Acy0y21md6 https://t.co/Y7PfyUNho0",59
459,-0.2023,0.13,0.87,0.0,The New York Times,Are you a grammar geek? Test your editing skills in our new quiz. https://t.co/jqqnQQOmiu,60
460,0.3818,0.0,0.843,0.157,The New York Times,"While the names of FIFA leaders may have changed, the lavish benefits have not https://t.co/OrVIJDKzJD",61
461,0.4404,0.0,0.854,0.146,The New York Times,"Some small studies suggest that spending time in nature, specifically in lush forests, might improve your health https://t.co/wfDmohEEtI",62
462,0.0,0.0,1.0,0.0,The New York Times,"This weekend, the World Cup final will be underway in Russia. Here's how the tournament ended up there. https://t.co/0DtzfJ51HF",63
463,0.4926,0.0,0.868,0.132,The New York Times,RT @katierogers: .@dougmillsnyt is one of the keenest observers of the human condition in journalism (and in the world! Trump says. totally‚Ä¶,64
464,0.4404,0.0,0.868,0.132,The New York Times,The World Cup is about to get 50 percent larger. Hope you took the time to savor this one. https://t.co/S1KXhahyQ6,65
465,0.0516,0.163,0.708,0.129,The New York Times,RT @nytpolitics: Democrats demanded that President Trump cancel his summit with Vladimir Putin after 12 Russian intelligence officers are i‚Ä¶,66
466,0.0,0.0,1.0,0.0,The New York Times,"John Liu Plots a Comeback Trail, Targeting a Renegade Democrat https://t.co/jVOJMq2k4L",67
467,0.0,0.0,1.0,0.0,The New York Times,"In Trump‚Äôs U.K. Visit, Some See ‚ÄòInfomercial‚Äô for Money-Losing Golf Resort https://t.co/9il1esJ738",68
468,0.0,0.0,1.0,0.0,The New York Times,"Video review made its debut at this World Cup, and it had an immediate impact https://t.co/gW9hVFyi2j",69
469,0.0,0.0,1.0,0.0,The New York Times,First Words: Americans Think ‚ÄòCorruption‚Äô Is Everywhere. Is That Why We Vote for It? https://t.co/xLD6P42SP1,70
470,0.0,0.0,1.0,0.0,The New York Times,"Sarcophagus Found. Contents Unknown. (‚ÄòNo Guessing, Please.‚Äô) https://t.co/nGSstHV6ve",71
471,0.6486,0.121,0.47,0.409,The New York Times,"Glorious surprises seemed to lurk everywhere in Oslo, Norway https://t.co/HKAeEiagFg",72
472,0.8176,0.0,0.564,0.436,The New York Times,RT @tackettdc: In Ohio Special election a test for Democrats strength and Republican resolve  https://t.co/p4WXB4IjI8,73
473,0.4404,0.0,0.805,0.195,The New York Times,Phys Ed: Dog Walking Is Good for You. Provided You Do It. https://t.co/zuLXpClv7g,74
474,0.6369,0.0,0.802,0.198,The New York Times,RT @bxchen: Our writer with the best job in the world talks about the tech she uses https://t.co/VY6xJHYbOV,75
475,-0.6369,0.167,0.833,0.0,The New York Times,"RT @nytimesarts: The director of the ""Whitney"" documentary explains how he got her family to open up about her childhood abuse. https://t.c‚Ä¶",76
476,-0.1531,0.082,0.918,0.0,The New York Times,"RT @nytimesworld: ‚ÄúHaving a vagina doesn‚Äôt make a woman,‚Äù said Angela Ponce, Spain's transgender competitor in the Miss Universe pageant. ‚Äú‚Ä¶",77
477,0.0,0.0,1.0,0.0,The New York Times,"A ""Downton Abbey"" movie is coming https://t.co/81TKuwcdp6",78
478,0.0,0.0,1.0,0.0,The New York Times,"They named it Ingentia prima, meaning ‚Äúthe first giant.‚Äù ‚ÄúThis new dinosaur changes our understanding of how dinosa‚Ä¶ https://t.co/47cDpDv68K",79
479,0.0,0.0,1.0,0.0,The New York Times,"RT @nytpolitics: Russia's largest spy agency has been implicated in the downing of a civilian airliner, armed operations in Syria and now t‚Ä¶",80
480,-0.3182,0.168,0.733,0.099,The New York Times,A painting worth $1 million has turned up 4 decades after it was stolen from a Manhattan warehouse https://t.co/evf9RPx918,81
481,0.5106,0.0,0.837,0.163,The New York Times,"‚ÄúI still can‚Äôt believe it worked.‚Äù Inside the Thai soccer team's rescue: floating stretchers, anti-anxiety pills an‚Ä¶ https://t.co/E9RGJxfTSC",82
482,-0.34,0.118,0.882,0.0,The New York Times,"RT @nytimesworld: ""Pakistan is entering another period of prolonged political instability.‚Äù The arrest of former Prime Minister Nawaz Shari‚Ä¶",83
483,0.0,0.0,1.0,0.0,The New York Times,"The Getty Museum has added a rare illuminated Torah, dating to 1296, to its trove of manuscripts https://t.co/0WC7D9weVF",84
484,0.0,0.0,1.0,0.0,The New York Times,Astronomers traced a neutrino back to a distant galaxy. ‚ÄúWe have found the first source of cosmic rays.‚Äù https://t.co/3PYngOHGLU,85
485,-0.5574,0.141,0.859,0.0,The New York Times,RT @NYTNational: The volunteers of The √Åguilas del Desierto - Eagles of the Desert - work to find bodies of immigrants who died while makin‚Ä¶,86
486,0.0,0.0,1.0,0.0,The New York Times,"Nancy Barbato Sinatra, an Idol‚Äôs First Wife and Lasting Confidante, Dies at 101 https://t.co/Q4xT0ZOktH",87
487,-0.296,0.099,0.901,0.0,The New York Times,"""I get discriminated against all the time. No one thinks I‚Äôm a CEO. I sit on a plane and tell somebody, 'Well, I ru‚Ä¶ https://t.co/mjB9vBw1TZ",88
488,-0.5563,0.14,0.86,0.0,The New York Times,"‚ÄúShe so ugly I almost threw up. Ew.‚Äù
‚ÄúI was just staring at your bbbooo.....i mean eyes.‚Äù
‚ÄúGo back to the kitchen a‚Ä¶ https://t.co/yRDgH7oKDf",89
489,0.0,0.0,1.0,0.0,The New York Times,"RT @NYTMetro: Designs include skulls, flaming hearts with swords piercing them, spiders, roses, jellyfish, an upside-down bat, and a unicor‚Ä¶",90
490,-0.3182,0.173,0.827,0.0,The New York Times,"Trump Walks in Front of Queen Elizabeth, Causing Social Media Frenzy https://t.co/22TQkfSosk",91
491,0.7579,0.056,0.662,0.282,The New York Times,No one will win the Nobel Prize in Literature this year. But you ‚Äî along with the librarians of Sweden ‚Äî can help c‚Ä¶ https://t.co/rvMxGcauHt,92
492,0.0,0.0,1.0,0.0,The New York Times,"Wilbur Ross, the commerce secretary, said he would sell all of his remaining stock holdings after a government watc‚Ä¶ https://t.co/Vnk0WRf50E",93
493,0.2023,0.0,0.859,0.141,The New York Times,"A Giant Iceberg Parked Offshore. It‚Äôs Stunning, but Villagers Hit the Road. https://t.co/OU7lo9ldy0",94
494,-0.5267,0.145,0.855,0.0,The New York Times,"In 21 trips Tom Price took as health secretary, 20 of them violated federal travel rules, an inspector general said https://t.co/22IkjNMj0U",95
495,-0.4019,0.162,0.838,0.0,The New York Times,RT @nytgraphics: How Russia hacked the D.N.C. and Hillary Clinton‚Äôs presidential campaign in 2016. https://t.co/6oO8BdTmDN,96
496,0.8555,0.0,0.455,0.545,The New York Times,"Modern Love: What boxing taught me about love
https://t.co/rat4wkU5a2",97
497,-0.8807,0.397,0.603,0.0,The New York Times,2 men pleaded guilty to manslaughter charges in the death of a fire chief in an explosion of a Bronx house that had‚Ä¶ https://t.co/0cFXitFTVz,98
498,-0.0772,0.151,0.711,0.138,The New York Times,"Dan Coats, the director of national intelligence, said that the persistent danger of Russian cyberattacks today was‚Ä¶ https://t.co/2LT5knHY2n",99
499,-0.6407,0.216,0.784,0.0,The New York Times,RT @nytopinion: The indictments against 12 Russian agents don't exonerate President Trump. On the contrary -- they should worry anyone work‚Ä¶,100
